adcode,name,lng,lat,county,income
110112,通州区,116.658603,39.902485999999996,通州区,727483
110115,大兴区,116.33803300000001,39.728908000000004,大兴区,847148
110116,怀柔区,116.63712199999999,40.324272,怀柔区,379793
110117,平谷区,117.11233500000002,40.144783000000004,平谷区,296339
110228,密云区,116.843352,40.377362,密云区,330388
110229,延庆区,115.985006,40.465325,延庆区,161608
120115,宝坻区,117.308094,39.716965,宝坻区,645000
130102,长安区,114.548151,38.047501000000004,长安区,239837
130109,藁城区,114.84964699999999,38.033767,藁城区,365702
130110,鹿泉区,114.321023,38.093994,鹿泉区,230078
130111,栾城区,114.65428100000001,37.886911,栾城区,117618
130123,正定县,114.56988700000001,38.147835,正定县,222061
130131,平山县,114.18414399999999,38.259311,平山县,123173
130181,辛集市,115.217451,37.92904,辛集市,146180
130207,丰南区,118.11079299999999,39.56303,丰南区,397342
130208,丰润区,118.15577900000001,39.831363,丰润区,238090
130209,曹妃甸区,118.44658500000001,39.278277,曹妃甸区,670462
130223,滦县,118.699547,39.744851000000004,滦县,172400
130224,滦南县,118.681552,39.506201000000004,滦南县,110058
130225,乐亭县,118.90534099999999,39.428129999999996,乐亭县,137076
130227,迁西县,118.30513899999998,40.146238000000004,迁西县,123918
130229,玉田县,117.75366499999998,39.887322999999995,玉田县,102193
130281,遵化市,117.965875,40.188615999999996,遵化市,123618
130283,迁安市,118.70193300000001,40.012108000000005,迁安市,405223
130322,昌黎县,119.16454099999999,39.709728999999996,昌黎县,106018
130426,涉县,113.67329699999999,36.563143,涉县,117102
130481,武安市,114.194581,36.696115,武安市,416046
130521,邢台县,114.561132,37.05073,邢台县,100549
130582,沙河市,114.504902,36.861903000000005,沙河市,101280
130681,涿州市,115.973409,39.485765,涿州市,261452
130682,定州市,114.99138899999998,38.517602000000004,定州市,200295
130684,高碑店市,115.882704,39.327689,高碑店市,117625
130730,怀来县,115.52084599999999,40.405405,怀来县,154088
130921,沧县,117.007478,38.219856,沧县,100168
130926,肃宁县,115.835856,38.427102000000005,肃宁县,103872
130982,任丘市,116.10676399999998,38.706513,任丘市,320289
130983,黄骅市,117.34380300000001,38.369238,黄骅市,163726
130984,河间市,116.08945200000001,38.44149,河间市,103727
131022,固安县,116.299894,39.436468,固安县,413595
131023,永清县,116.498089,39.319717,永清县,145523
131024,香河县,117.00716100000001,39.757212,香河县,333338
131028,大厂回族自治县,116.986501,39.889266,大厂回族自治县,244200
131081,霸州市,116.392021,39.117331,霸州市,235487
131082,三河市,117.077018,39.982778,三河市,542097
140421,长治县,113.056679,36.052438,长治县,152027
140423,襄垣县,113.050094,36.532854,襄垣县,139432
140428,长子县,112.884656,36.119484,长子县,120070
140431,沁源县,112.340878,36.500777,沁源县,110333
140521,沁水县,112.18721299999999,35.689471999999995,沁水县,127409
140522,阳城县,112.42201399999999,35.482177,阳城县,133918
140525,泽州县,112.89913700000001,35.617221,泽州县,152658
140581,高平市,112.930691,35.791354999999996,高平市,147573
140621,山阴县,112.816396,39.52677,山阴县,114556
140723,和顺县,113.572919,37.327027,和顺县,109748
140729,灵石县,111.77275900000001,36.847469,灵石县,160706
140781,介休市,111.91385700000001,37.027615999999995,介休市,129075
140882,河津市,110.710268,35.59715,河津市,310560
140925,宁武县,112.30793600000001,39.001718,宁武县,169366
141029,乡宁县,110.85736499999999,35.975402,乡宁县,126229
141123,兴县,111.124816,38.464135999999996,兴县,133309
141124,临县,110.99596299999999,37.960806,临县,150017
141125,柳林县,110.89613,37.431664000000005,柳林县,240749
141181,孝义市,111.781568,37.144474,孝义市,209782
150121,土默特左旗,111.13361499999999,40.720416,土默特左旗,184377
150122,托克托县,111.197317,40.276728999999996,托克托县,205865
150123,和林格尔县,111.82414299999999,40.380288,和林格尔县,138724
150221,土默特右旗,110.526766,40.566434,土默特右旗,132067
150581,霍林郭勒市,119.65786200000001,45.532361,霍林郭勒市,115734
150602,东胜区,109.98945,39.81788,东胜区,416548
150621,达拉特旗,110.04028100000001,40.404076,达拉特旗,130103
150622,准格尔旗,111.238332,39.865221000000005,准格尔旗,673831
150624,鄂托克旗,107.98260400000001,39.095752000000005,鄂托克旗,207542
150626,乌审旗,108.842454,38.596610999999996,乌审旗,356980
150627,伊金霍洛旗,109.787402,39.604312,伊金霍洛旗,630018
150702,海拉尔区,119.764923,49.213889,海拉尔区,103632
150781,满洲里市,117.45556100000002,49.590788,满洲里市,102155
150802,临河区,107.417018,40.757092,临河区,172804
150902,集宁区,113.116453,41.034134,集宁区,113907
150923,商都县,113.560643,41.560163,商都县,284251
152502,锡林浩特市,116.091903,43.944301,锡林浩特市,196283
152526,西乌珠穆沁旗,117.615249,44.586147,西乌珠穆沁旗,183959
210181,新民市,122.828868,41.996508,新民市,104326
210281,瓦房店市,122.002656,39.63065,瓦房店市,511356
210283,庄河市,122.97061200000002,39.69829,庄河市,261683
210381,海城市,122.752199,40.852533,海城市,243410
210681,东港市,124.149437,39.883466999999996,东港市,131039
210682,凤城市,124.071067,40.457567,凤城市,110890
210781,凌海市,121.364236,41.171738,凌海市,100209
210881,盖州市,122.355534,40.405234,盖州市,227035
210882,大石桥市,122.505894,40.633973,大石桥市,160613
211081,灯塔市,123.325864,41.427836,灯塔市,131230
211122,盘山县,121.98528,41.240701,盘山县,127352
211421,绥中县,120.34211200000001,40.328407,绥中县,108488
211481,兴城市,120.72936499999999,40.619413,兴城市,111593
220113,九台区,125.844682,44.157154999999996,九台区,269444
220122,农安县,125.17528700000001,44.431258,农安县,142962
220182,榆树市,126.55010700000001,44.827642,榆树市,100400
220183,德惠市,125.703327,44.533909,德惠市,107965
220284,磐石市,126.059929,42.942476,磐石市,131305
220381,公主岭市,124.81758799999999,43.509474,公主岭市,217805
220581,梅河口市,125.68733600000002,42.530002,梅河口市,210539
220721,前郭尔罗斯蒙古族自治县,124.82680800000001,45.116288,前郭尔罗斯蒙古族自治县,107457
220882,大安市,124.29151200000001,45.507647999999996,大安市,105995
222401,延吉市,129.51578999999998,42.906964,延吉市,261361
222403,敦化市,128.22986,43.366921000000005,敦化市,174047
222404,珲春市,130.365787,42.871057,珲春市,188246
230111,呼兰区,126.603302,45.98423,呼兰区,145428
230113,双城区,126.308784,45.377942,双城区,179840
231282,肇东市,125.99140200000001,46.069471,肇东市,170409
310120,奉贤区,121.458472,30.912345000000002,奉贤区,1281111
320111,浦口区,118.625307,32.05839,浦口区,1075364
320115,江宁区,118.85062099999999,31.953418,江宁区,2264606
320116,六合区,118.85065,32.340655,六合区,1084837
320117,溧水区,119.028732,31.653060999999997,溧水区,566618
320118,高淳区,118.87588999999998,31.327132000000002,高淳区,281664
320205,锡山区,120.357298,31.585559000000003,锡山区,787894
320281,江阴市,120.27589099999999,31.910984000000003,江阴市,2351560
320282,宜兴市,119.82053799999998,31.364384,宜兴市,1111500
320312,铜山区,117.183894,34.19288,铜山区,658201
320321,丰县,116.59288799999999,34.696946000000004,丰县,250000
320322,沛县,116.937182,34.729044,沛县,544611
320324,睢宁县,117.95066000000001,33.899221999999995,睢宁县,399165
320381,新沂市,118.345828,34.368778999999996,新沂市,474565
320382,邳州市,117.963923,34.314708,邳州市,600510
320412,武进区,119.958773,31.718566,武进区,1637451
320481,溧阳市,119.487816,31.427081,溧阳市,613778
320506,吴中区,120.62462099999999,31.270839000000002,吴中区,1439304
320509,吴江区,120.641601,31.160403999999996,吴江区,1835198
320581,常熟市,120.74852,31.658155999999998,常熟市,1918107
320582,张家港市,120.54344099999999,31.865553000000002,张家港市,2100088
320583,昆山市,120.95813700000001,31.381925,昆山市,3525088
320585,太仓市,121.112275,31.452568,太仓市,1408616
320621,海安县,120.46599499999999,32.540289,海安县,600135
320623,如东县,121.18608799999998,32.311832,如东县,555588
320681,启东市,121.659724,31.810158,启东市,711282
320682,如皋市,120.566324,32.391591,如皋市,713060
320684,海门市,121.17660900000001,31.893528000000003,海门市,725403
320707,赣榆区,119.12877399999999,34.839154,赣榆区,231745
320722,东海县,118.76648899999999,34.522859000000004,东海县,211167
320723,灌云县,119.25574099999999,34.298435999999995,灌云县,205658
320724,灌南县,119.352331,34.092553,灌南县,218838
320803,淮安区,119.14634,33.507498999999996,淮安区,210945
320804,淮阴区,119.020817,33.622452,淮阴区,255730
320826,涟水县,119.26607800000001,33.771308000000005,涟水县,192002
320830,盱眙县,118.49382299999999,33.00439,盱眙县,183024
320831,金湖县,119.01693600000002,33.018162,金湖县,201828
320903,盐都区,120.139753,33.341288,盐都区,345197
320921,响水县,119.579573,34.19996,响水县,239012
320922,滨海县,119.828434,33.989888,滨海县,273002
320923,阜宁县,119.80533799999999,33.78573,阜宁县,261444
320924,射阳县,120.25744399999999,33.773779,射阳县,241800
320925,建湖县,119.79310500000001,33.472621000000004,建湖县,263166
320981,东台市,120.31410100000001,32.853173999999996,东台市,540066
321003,邗江区,119.397777,32.377899,邗江区,547483
321012,江都区,119.567481,32.426564,江都区,526565
321023,宝应县,119.321284,33.236940000000004,宝应县,275856
321081,仪征市,119.18244299999999,32.271965,仪征市,477947
321084,高邮市,119.44384199999999,32.785164,高邮市,326276
321112,丹徒区,119.43388300000001,32.128972,丹徒区,220071
321181,丹阳市,119.581911,31.991459000000003,丹阳市,610499
321182,扬中市,119.82805400000001,32.237266,扬中市,320046
321183,句容市,119.16713500000002,31.947354999999998,句容市,440011
321204,姜堰区,120.14820800000001,32.508483,姜堰区,339591
321281,兴化市,119.840162,32.938065,兴化市,360589
321282,靖江市,120.26825,32.018168,靖江市,600913
321283,泰兴市,120.020228,32.168784,泰兴市,631126
321311,宿豫区,118.33001200000001,33.941071,宿豫区,188019
321322,沭阳县,118.77588899999999,34.129096999999994,沭阳县,480018
321323,泗阳县,118.681284,33.711433,泗阳县,262089
321324,泗洪县,118.211824,33.456538,泗洪县,263386
330109,萧山区,120.27068999999999,30.162932,萧山区,2274820
330110,余杭区,120.30173700000002,30.421187,余杭区,2800053
330111,富阳区,119.94986899999999,30.049871000000003,富阳区,637020
330122,桐庐县,119.685045,29.797437,桐庐县,278292
330127,淳安县,119.044276,29.604177000000004,淳安县,172688
330182,建德市,119.27908899999998,29.472284000000002,建德市,244007
330212,鄞州区,121.55843600000001,29.831661999999998,鄞州区,2416460
330225,象山县,121.877091,29.470206,象山县,392698
330226,宁海县,121.432606,29.299836,宁海县,554779
330281,余姚市,121.15629399999999,30.045403999999998,余姚市,906480
330282,慈溪市,121.248052,30.177142,慈溪市,1573080
330324,永嘉县,120.690968,28.153886,永嘉县,315959
330326,平阳县,120.56438700000001,27.6693,平阳县,297950
330327,苍南县,120.406256,27.507742999999998,苍南县,337222
330381,瑞安市,120.646171,27.779321000000003,瑞安市,634679
330382,乐清市,120.967147,28.116083000000003,乐清市,794030
330421,嘉善县,120.921871,30.841352,嘉善县,517178
330424,海盐县,120.94201699999999,30.522222999999997,海盐县,406520
330481,海宁市,120.68882099999999,30.525544,海宁市,777242
330482,平湖市,121.01466599999999,30.698921000000002,平湖市,688688
330483,桐乡市,120.55108500000001,30.629065,桐乡市,616900
330521,德清县,119.967662,30.534927000000003,德清县,486632
330522,长兴县,119.910122,31.00475,长兴县,494980
330523,安吉县,119.687891,30.631974,安吉县,395208
330603,柯桥区,120.476075,30.078038,柯桥区,1140629
330604,上虞区,120.87418500000001,30.016769,上虞区,701094
330624,新昌县,120.90566499999998,29.501205,新昌县,363600
330681,诸暨市,120.244326,29.713662,诸暨市,770087
330683,嵊州市,120.82888,29.586606,嵊州市,380222
330723,武义县,119.81915900000001,28.896563,武义县,242808
330726,浦江县,119.893363,29.451254,浦江县,177883
330781,兰溪市,119.460521,29.210065000000004,兰溪市,241800
330782,义乌市,120.07491100000001,29.306863,义乌市,849995
330783,东阳市,120.23333999999998,29.262546,东阳市,585778
330784,永康市,120.036328,28.895293,永康市,523569
330803,衢江区,118.957683,28.973195,衢江区,136774
330825,龙游县,119.172525,29.031364,龙游县,148161
330881,江山市,118.62787900000001,28.734674,江山市,166709
330921,岱山县,122.201132,30.242865000000002,岱山县,155195
331022,三门县,121.376429,29.118955,三门县,167830
331023,天台县,121.031227,29.141126,天台县,192068
331024,仙居县,120.735074,28.849213,仙居县,185250
331081,温岭市,121.37361100000001,28.368781,温岭市,680900
331082,临海市,121.131229,28.845440999999997,临海市,542928
331121,青田县,120.29193899999999,28.135246999999996,青田县,168400
331122,缙云县,120.078965,28.654208,缙云县,130521
340121,长丰县,117.164699,32.478547999999996,长丰县,551412
340122,肥东县,117.463222,31.883992,肥东县,565980
340123,肥西县,117.166118,31.719646,肥西县,809244
340124,庐江县,117.28984399999999,31.251488000000002,庐江县,307357
340181,巢湖市,117.874155,31.600518,巢湖市,309651
340221,芜湖县,118.572301,31.145262,芜湖县,425725
340222,繁昌县,118.201349,31.080896000000003,繁昌县,476157
340223,南陵县,118.33710400000001,30.919638,南陵县,283579
340225,无为县,117.911432,31.303075,无为县,358499
340321,怀远县,117.200171,32.956934000000004,怀远县,291344
340322,五河县,117.88880900000001,33.146202,五河县,171893
340323,固镇县,117.31596200000001,33.318678999999996,固镇县,167530
340421,凤台县,116.722769,32.705382,凤台县,243068
340521,当涂县,118.489873,31.556167,当涂县,469437
340522,含山县,118.10554499999999,31.727758,含山县,164976
340523,和县,118.362998,31.716634000000003,和县,261009
340621,濉溪县,116.767435,33.916407,濉溪县,335756
340822,怀宁县,116.82866399999999,30.734994,怀宁县,194666
340824,潜山县,116.57366599999999,30.638222,潜山县,118920
340826,宿松县,116.120204,30.158327000000003,宿松县,115639
340881,桐城市,116.95965600000001,31.050576,桐城市,251168
341021,歙县,118.428025,29.867748,歙县,120445
341122,来安县,118.43329299999999,32.450231,来安县,248172
341124,全椒县,118.268576,32.09385,全椒县,244727
341125,定远县,117.68371299999998,32.527105,定远县,146882
341126,凤阳县,117.56246100000001,32.867146000000005,凤阳县,273224
341181,天长市,119.01121200000001,32.6815,天长市,458603
341182,明光市,117.998048,32.781206,明光市,164812
341221,临泉县,115.26168799999999,33.062698,临泉县,200171
341222,太和县,115.62724299999999,33.162290000000006,太和县,402052
341226,颍上县,116.25912199999999,32.637065,颍上县,302776
341282,界首市,115.362117,33.26153,界首市,310100
341322,萧县,116.945399,34.183265999999996,萧县,167610
341521,寿县,116.785349,32.577304,寿县,160737
341522,霍邱县,116.278875,32.341305,霍邱县,195425
341523,舒城县,116.944088,31.462847999999997,舒城县,210231
341621,涡阳县,116.211551,33.502831,涡阳县,208859
341622,蒙城县,116.560337,33.260814,蒙城县,282766
341623,利辛县,116.20778200000001,33.143503,利辛县,200072
341721,东至县,117.021476,30.096567999999998,东至县,147629
341821,郎溪县,119.185024,31.127834000000004,郎溪县,173035
341822,广德县,119.417521,30.893116,广德县,375645
341823,泾县,118.412397,30.685975,泾县,130238
341881,宁国市,118.983407,30.626528999999998,宁国市,449472
350121,闽侯县,119.145117,26.148567,闽侯县,710942
350122,连江县,119.53836499999998,26.202109,连江县,461308
350123,罗源县,119.552645,26.487234,罗源县,127210
350124,闽清县,118.868416,26.223793,闽清县,172620
350128,平潭县,119.791197,25.503672,平潭县,296708
350181,福清市,119.37699199999999,25.720402,福清市,1003125
350182,长乐市,119.510849,25.960583,长乐市,650320
350322,仙游县,118.694331,25.356529000000002,仙游县,320103
350481,永安市,117.364447,25.974075,永安市,176108
350521,惠安县,118.79895400000001,25.028717999999998,惠安县,388887
350524,安溪县,118.18601399999999,25.056824,安溪县,265695
350525,永春县,118.29503000000001,25.320721,永春县,115875
350526,德化县,118.24298600000002,25.489004,德化县,164542
350581,石狮市,118.62840200000001,24.731978,石狮市,601069
350582,晋江市,118.57733799999998,24.807322,晋江市,2122345
350583,南安市,118.38703100000001,24.959494,南安市,702869
350622,云霄县,117.340946,23.950485999999998,云霄县,113332
350623,漳浦县,117.614023,24.117907000000002,漳浦县,292578
350625,长泰县,117.75591299999999,24.621475,长泰县,200832
350626,东山县,117.427679,23.702845,东山县,176299
350627,南靖县,117.36546200000001,24.516425,南靖县,117451
350681,龙海市,117.817292,24.445341,龙海市,876402
350703,建阳区,118.12267,27.332067,建阳区,161194
350781,邵武市,117.49154399999999,27.337952,邵武市,158383
350782,武夷山市,118.03279599999999,27.751733,武夷山市,109307
350783,建瓯市,118.32176499999998,27.035020000000003,建瓯市,118139
350821,长汀县,116.361007,25.842278,长汀县,109125
350823,上杭县,116.424774,25.050019,上杭县,251308
350824,武平县,116.100928,25.08865,武平县,117336
350921,霞浦县,120.005214,26.882068,霞浦县,122458
350981,福安市,119.650798,27.084246000000004,福安市,347640
350982,福鼎市,120.219761,27.318884000000004,福鼎市,255315
360121,南昌县,115.94246499999998,28.543781,南昌县,918952
360124,进贤县,116.26767099999999,28.365681,进贤县,156863
360222,浮梁县,117.217611,29.352251000000003,浮梁县,146100
360281,乐平市,117.12937600000001,28.967361,乐平市,403167
360322,上栗县,113.800525,27.877041,上栗县,160557
360323,芦溪县,114.041206,27.633633000000003,芦溪县,106687
360423,武宁县,115.105646,29.260182,武宁县,187869
360424,修水县,114.573428,29.032728999999996,修水县,238866
360425,永修县,115.809055,29.018212,永修县,240121
360426,德安县,115.762611,29.327474,德安县,120513
360428,都昌县,116.205114,29.275105,都昌县,148700
360429,湖口县,116.24431299999999,29.7263,湖口县,303800
360430,彭泽县,116.55583999999999,29.898865,彭泽县,153557
360481,瑞昌市,115.669081,29.676599,瑞昌市,300166
360482,共青城市,115.80571200000001,29.247884000000003,共青城市,201815
360521,分宜县,114.67526200000002,27.811301,分宜县,315334
360622,余江县,116.822763,28.206177,余江县,127750
360681,贵溪市,117.212103,28.283693,贵溪市,320350
360703,南康区,114.756933,25.661721,南康区,192400
360722,信丰县,114.930893,25.380229999999997,信丰县,118073
360727,龙南县,114.792657,24.90476,龙南县,133561
360728,定南县,115.03267,24.774276999999998,定南县,114400
360731,于都县,115.411198,25.955033,于都县,192961
360781,瑞金市,116.03485400000001,25.875278,瑞金市,123998
360821,吉安县,114.90511699999999,27.040042,吉安县,185208
360822,吉水县,115.134569,27.213445,吉水县,100780
360825,永丰县,115.43555900000001,27.321087,永丰县,113906
360826,泰和县,114.901393,26.790164,泰和县,128546
360827,遂川县,114.51688999999999,26.323705,遂川县,100788
360829,安福县,114.61384,27.382746,安福县,130652
360921,奉新县,115.389899,28.700671999999997,奉新县,238000
360922,万载县,114.44901200000001,28.104528000000002,万载县,147258
360923,上高县,114.932653,28.234789000000003,上高县,273633
360924,宜丰县,114.78738100000001,28.388289,宜丰县,129231
360981,丰城市,115.786005,28.191584000000002,丰城市,497223
360982,樟树市,115.543388,28.055898,樟树市,553384
360983,高安市,115.381527,28.420951000000002,高安市,401394
361021,南城县,116.63945,27.55531,南城县,152743
361022,黎川县,116.91457,27.292561,黎川县,107560
361024,崇仁县,116.059109,27.760907,崇仁县,112700
361026,宜黄县,116.223023,27.546512,宜黄县,100006
361027,金溪县,116.778751,27.907387,金溪县,107441
361121,上饶县,117.90612,28.453896999999998,上饶县,234541
361123,玉山县,118.244408,28.673478999999997,玉山县,285321
361124,铅山县,117.711906,28.310892,铅山县,149277
361126,弋阳县,117.435002,28.402390999999998,弋阳县,150320
361127,余干县,116.69107199999999,28.69173,余干县,110720
361128,鄱阳县,116.673748,28.993374,鄱阳县,180166
361129,万年县,117.07015,28.692589,万年县,187812
361130,婺源县,117.86218999999998,29.254015000000003,婺源县,145100
361181,德兴市,117.578732,28.945034000000003,德兴市,294759
370113,长清区,116.74588,36.561049,长清区,203567
370124,平阴县,116.455054,36.286923,平阴县,200661
370125,济阳县,117.17603500000001,36.976772,济阳县,206818
370126,商河县,117.156369,37.310544,商河县,100116
370281,胶州市,120.006202,36.285878000000004,胶州市,965177
370283,平度市,119.95901200000002,36.788828,平度市,542112
370285,莱西市,120.526226,36.86509,莱西市,511215
370321,桓台县,118.101556,36.959773,桓台县,352891
370322,高青县,117.82983899999999,37.169581,高青县,145775
370323,沂源县,118.16616100000002,36.186282,沂源县,200034
370481,滕州市,117.162098,35.088498,滕州市,703568
370522,利津县,118.24885400000001,37.493365000000004,利津县,137800
370523,广饶县,118.407522,37.05161,广饶县,410311
370681,龙口市,120.528328,37.648446,龙口市,980017
370682,莱阳市,120.711151,36.977037,莱阳市,181187
370683,莱州市,119.94213500000001,37.182725,莱州市,582092
370684,蓬莱市,120.762689,37.811168,蓬莱市,327418
370685,招远市,120.40314199999999,37.364919,招远市,575000
370686,栖霞市,120.834097,37.305854,栖霞市,127401
370687,海阳市,121.168392,36.780657,海阳市,303766
370724,临朐县,118.539876,36.516371,临朐县,163388
370725,昌乐县,118.839995,36.703253000000004,昌乐县,240168
370781,青州市,118.484693,36.697855,青州市,465247
370782,诸城市,119.403182,35.997093,诸城市,712168
370783,寿光市,118.736451,36.874411,寿光市,903102
370784,安丘市,119.20688600000001,36.427417,安丘市,225004
370785,高密市,119.757033,36.37754,高密市,491360
370786,昌邑市,119.394502,36.854937,昌邑市,307943
370812,兖州区,116.82899599999999,35.556445000000004,兖州区,579720
370826,微山县,117.12861000000001,34.809525,微山县,327336
370827,鱼台县,116.650023,34.997706,鱼台县,100136
370828,金乡县,116.31036399999999,35.06977,金乡县,139676
370829,嘉祥县,116.34288500000001,35.398098,嘉祥县,167805
370830,汶上县,116.487146,35.721746,汶上县,136006
370832,梁山县,116.08963,35.801843,梁山县,146023
370881,曲阜市,116.99188500000001,35.592788,曲阜市,253888
370883,邹城市,116.96673,35.405259,邹城市,751256
370921,宁阳县,116.799297,35.767540000000004,宁阳县,114918
370923,东平县,116.461052,35.930467,东平县,114816
370982,新泰市,117.76609199999999,35.910387,新泰市,406370
370983,肥城市,116.763703,36.1856,肥城市,403767
371003,文登区,122.05713899999999,37.196211,文登区,516866
371082,荣成市,122.422896,37.160134,荣成市,719298
371083,乳山市,121.536346,36.919622,乳山市,317559
371121,五莲县,119.206745,35.751936,五莲县,126182
371122,莒县,118.83285900000001,35.588115,莒县,181226
371321,沂南县,118.455395,35.547002,沂南县,136958
371322,郯城县,118.34296299999998,34.614740999999995,郯城县,120318
371323,沂水县,118.634543,35.787029,沂水县,201216
371324,兰陵县,118.04996799999999,34.855573,兰陵县,142369
371325,费县,117.968869,35.269174,费县,204581
371326,平邑县,117.63188400000001,35.511519,平邑县,103544
371327,莒南县,118.83832199999999,35.175911,莒南县,175206
371328,蒙阴县,117.943271,35.712435,蒙阴县,105028
371329,临沭县,118.648379,34.917062,临沭县,140002
371403,陵城区,116.574929,37.332848,陵城区,118923
371424,临邑县,116.867028,37.192044,临邑县,154927
371425,齐河县,116.758394,36.795497,齐河县,292446
371481,乐陵市,117.21665700000001,37.729115,乐陵市,105977
371482,禹城市,116.642554,36.934484999999995,禹城市,196320
371521,阳谷县,115.784287,36.113708,阳谷县,139202
371522,莘县,115.66729099999999,36.237596999999994,莘县,106428
371523,茌平县,116.25335,36.591934,茌平县,316363
371524,东阿县,116.248855,36.336003999999996,东阿县,137644
371525,冠县,115.44480800000001,36.483753,冠县,118489
371526,高唐县,116.229662,36.859755,高唐县,155596
371581,临清市,115.713462,36.842597999999995,临清市,187099
371603,沾化区,118.129902,37.698456,沾化区,108950
371621,惠民县,117.508941,37.483876,惠民县,111017
371622,阳信县,117.581326,37.640492,阳信县,102966
371623,无棣县,117.616325,37.740848,无棣县,297926
371625,博兴县,118.12309599999999,37.147002,博兴县,546716
371626,邹平县,117.73680700000001,36.878029999999995,邹平县,678387
371721,曹县,115.54948200000001,34.823253,曹县,171601
371722,单县,116.08261999999999,34.790851,单县,128312
371724,巨野县,116.08934099999999,35.390999,巨野县,237216
371725,郓城县,115.93885,35.594772999999996,郓城县,238827
371728,东明县,115.09841200000001,35.289637,东明县,190626
419001,济源市,112.590047,35.090378,济源市,404054
410122,中牟县,114.022521,34.721976,中牟县,480166
410181,巩义市,112.98283,34.752179999999996,巩义市,423575
410182,荥阳市,113.39152299999999,34.789077,荥阳市,429063
410183,新密市,113.38061599999999,34.537846,新密市,320422
410184,新郑市,113.73966999999999,34.394219,新郑市,683887
410185,登封市,113.037768,34.459939,登封市,250325
410221,杞县,114.770472,34.554584999999996,杞县,140016
410223,尉氏县,114.193927,34.412256,尉氏县,176087
410225,兰考县,114.820572,34.829899,兰考县,174896
410322,孟津县,112.44389199999999,34.826485,孟津县,154218
410323,新安县,112.141403,34.728679,新安县,222326
410324,栾川县,111.61838600000002,33.783195,栾川县,186154
410327,宜阳县,112.17998899999999,34.516478,宜阳县,115758
410329,伊川县,112.42938400000001,34.423415999999996,伊川县,201336
410381,偃师市,112.78773899999999,34.723042,偃师市,205806
410421,宝丰县,113.06681200000001,33.866359,宝丰县,100301
410482,汝州市,112.845336,34.167408,汝州市,300660
410523,汤阴县,114.362357,35.922349,汤阴县,120104
410526,滑县,114.524,35.574628000000004,滑县,106973
410581,林州市,113.82376699999999,36.063403,林州市,200296
410728,长垣县,114.67380700000001,35.19615,长垣县,210069
410781,卫辉市,114.065855,35.404295,卫辉市,100096
410782,辉县市,113.80251799999999,35.461318,辉县市,242772
410821,修武县,113.447465,35.229923,修武县,110911
410823,武陟县,113.40833400000001,35.09885,武陟县,126568
410882,沁阳市,112.93453799999999,35.089009999999995,沁阳市,142100
410883,孟州市,112.78708,34.90963,孟州市,136670
410928,濮阳县,115.023844,35.710349,濮阳县,108639
411024,鄢陵县,114.188507,34.100502,鄢陵县,108397
411025,襄城县,113.49316599999999,33.855942999999996,襄城县,171801
411081,禹州市,113.47131599999999,34.154403,禹州市,187170
411082,长葛市,113.76891200000001,34.219257,长葛市,243283
411121,舞阳县,113.610565,33.436278,舞阳县,107908
411122,临颍县,113.938891,33.806090000000005,临颍县,134705
411221,渑池县,111.762992,34.763487,渑池县,238118
411281,义马市,111.869417,34.746868,义马市,132600
411282,灵宝市,110.88577,34.521264,灵宝市,218076
411323,西峡县,111.485772,33.302981,西峡县,140877
411325,内乡县,111.843801,33.046358000000005,内乡县,100100
411381,邓州市,112.092716,32.681642,邓州市,146366
411481,永城市,116.44967199999999,33.931318,永城市,374266
411525,固始县,115.667328,32.183074,固始县,117779
411624,沈丘县,115.078375,33.395514,沈丘县,127919
411625,郸城县,115.189,33.643852,郸城县,100988
411627,太康县,114.853834,34.065312,太康县,100523
411628,鹿邑县,115.48638600000001,33.861067,鹿邑县,125238
411681,项城市,114.899521,33.443084999999996,项城市,109669
429004,仙桃市,113.453974,30.364953000000003,仙桃市,308966
429005,潜江市,112.89686599999999,30.421215000000004,潜江市,250864
429006,天门市,113.165862,30.653060999999997,天门市,269156
420222,阳新县,115.212883,29.841571999999996,阳新县,150000
420281,大冶市,114.974842,30.098803999999998,大冶市,449573
420381,丹江口市,111.51379299999999,32.538839,丹江口市,149238
420506,夷陵区,111.326747,30.770198999999998,夷陵区,260168
420525,远安县,111.64331000000001,31.059626,远安县,115372
420581,宜都市,111.45436699999999,30.387234000000003,宜都市,280001
420582,当阳市,111.793419,30.824492,当阳市,175386
420583,枝江市,111.751799,30.425364000000002,枝江市,178068
420607,襄州区,112.197378,32.085516999999996,襄州区,371591
420624,南漳县,111.844424,31.77692,南漳县,133162
420625,谷城县,111.640147,32.262676,谷城县,188629
420626,保康县,111.262235,31.873507,保康县,100576
420682,老河口市,111.67573200000001,32.385438,老河口市,402026
420683,枣阳市,112.76526799999999,32.123083,枣阳市,307419
420684,宜城市,112.26144099999999,31.709203000000002,宜城市,267496
420821,京山县,113.114595,31.022458,京山县,162230
420822,沙洋县,112.59521799999999,30.703590000000002,沙洋县,114253
420881,钟祥市,112.587267,31.165573,钟祥市,205690
420923,云梦县,113.750616,31.021690999999997,云梦县,137485
420981,应城市,113.573842,30.939038,应城市,167735
420982,安陆市,113.690401,31.261740000000003,安陆市,111129
420984,汉川市,113.835301,30.652165000000004,汉川市,223239
421022,公安县,112.230179,30.059065000000004,公安县,123442
421087,松滋市,111.77818,30.176037,松滋市,182200
421122,红安县,114.615095,31.284777000000002,红安县,167073
421126,蕲春县,115.43396399999999,30.234927000000003,蕲春县,134050
421127,黄梅县,115.942548,30.075113,黄梅县,114500
421181,麻城市,115.02541000000001,31.177906,麻城市,192825
421182,武穴市,115.56241999999999,29.849342,武穴市,186189
421221,嘉鱼县,113.921547,29.973363,嘉鱼县,106735
421281,赤壁市,113.88366,29.716879,赤壁市,184917
421381,广水市,113.826601,31.617731,广水市,121410
422801,恩施市,109.48676100000002,30.282405999999998,恩施市,211142
422802,利川市,108.943491,30.294247,利川市,101717
430112,望城区,112.819549,28.347458000000003,望城区,460654
430121,长沙县,113.08009799999999,28.237888,长沙县,885005
430181,浏阳市,113.633301,28.141112,浏阳市,623580
430223,攸县,113.345774,27.000071000000002,攸县,198578
430281,醴陵市,113.507157,27.657873,醴陵市,396939
430321,湘潭县,112.95282900000001,27.778601000000002,湘潭县,200350
430381,湘乡市,112.525217,27.734918,湘乡市,150206
430481,耒阳市,112.84721499999999,26.414162,耒阳市,146294
430521,邵东县,111.743168,27.257272999999998,邵东县,144398
430681,汨罗市,113.079419,28.803148999999998,汨罗市,113017
430723,澧县,111.76168200000001,29.642640000000004,澧县,101273
430725,桃源县,111.484503,28.902734000000002,桃源县,114381
431021,桂阳县,112.734466,25.737447,桂阳县,162989
431023,永兴县,113.114819,26.129392000000003,永兴县,138395
431081,资兴市,113.23682,25.974152,资兴市,155955
431121,祁阳县,111.85734,26.585928999999997,祁阳县,104821
431126,宁远县,111.944529,25.584112,宁远县,112796
431381,冷水江市,111.434674,27.685759,冷水江市,111422
440117,从化区,113.58738600000001,23.545282999999998,从化区,269187
440118,增城区,113.82957900000001,23.290497,增城区,834038
440403,斗门区,113.29773899999999,22.209117000000003,斗门区,262401
440513,潮阳区,116.602602,23.262335999999998,潮阳区,198857
440515,澄海区,116.76336,23.46844,澄海区,210510
440604,禅城区,113.11241399999999,23.019643,禅城区,1057995
440605,南海区,113.145577,23.031562,南海区,2248715
440606,顺德区,113.281826,22.75851,顺德区,2229893
440607,三水区,112.899414,23.16504,三水区,543813
440608,高明区,112.88212299999999,22.893855,高明区,363672
440705,新会区,113.03858400000001,22.520247,新会区,519100
440781,台山市,112.79341399999998,22.250713,台山市,266888
440783,开平市,112.69226200000001,22.366286,开平市,233348
440784,鹤山市,112.961795,22.768104,鹤山市,273888
440785,恩平市,112.314051,22.182956,恩平市,105083
440881,廉江市,110.28496100000001,21.611280999999998,廉江市,116928
440904,电白区,111.00726399999999,21.507219,电白区,239385
440981,高州市,110.853251,21.915153,高州市,173830
440982,化州市,110.63838999999999,21.654953,化州市,118650
440983,信宜市,110.94165600000001,22.352681,信宜市,101133
441284,四会市,112.69502800000001,23.340324,四会市,203750
441303,惠阳区,114.469444,22.788510000000002,惠阳区,483288
441322,博罗县,114.284254,23.167575,博罗县,441089
441323,惠东县,114.723092,22.983036,惠东县,379443
441403,梅县区,116.083482,24.267825,梅县区,197317
441426,平远县,115.891729,24.569651,平远县,255503
441481,兴宁市,115.73164799999999,24.138077,兴宁市,114809
441704,阳东区,112.01126699999999,21.864728,阳东区,120607
441781,阳春市,111.7905,22.169598,阳春市,112807
441803,清新区,113.015203,23.736949,清新区,132887
441821,佛冈县,113.534094,23.866739000000003,佛冈县,338245
441881,英德市,113.405404,24.186120000000003,英德市,163487
445103,潮安区,116.67931000000002,23.461012,潮安区,221844
445203,揭东区,116.412947,23.569886999999998,揭东区,111284
445281,普宁市,116.16508200000001,23.29788,普宁市,214070
445321,新兴县,112.23083000000001,22.703204,新兴县,175233
445381,罗定市,111.578201,22.765415,罗定市,125000
450126,宾阳县,108.81673500000001,23.216884,宾阳县,184310
450127,横县,109.270987,22.68743,横县,134252
450312,临桂区,110.205487,25.246257,临桂区,307902
450323,灵川县,110.32571200000001,25.408541,灵川县,107536
450422,藤县,110.931826,23.373963,藤县,118817
450481,岑溪市,110.99811399999999,22.918406,岑溪市,182135
450681,东兴市,107.97017,21.541172,东兴市,105476
450821,平南县,110.397485,23.544546,平南县,181238
450881,桂平市,110.07466799999999,23.382473,桂平市,101439
450921,容县,110.552467,22.856435,容县,102398
450922,陆川县,110.26484199999999,22.321054,陆川县,113700
450923,博白县,109.98000400000001,22.271285,博白县,166036
450981,北流市,110.348052,22.701648000000002,北流市,248624
451023,平果县,107.580403,23.320479000000002,平果县,164088
469002,琼海市,110.46678500000002,19.246011,琼海市,167416
469005,文昌市,110.753975,19.612986,文昌市,271091
469006,万宁市,110.38879299999999,18.796216,万宁市,162400
469007,东方市,108.65378899999999,19.101979999999998,东方市,138091
469023,澄迈县,110.007147,19.737095,澄迈县,618002
469024,临高县,109.687697,19.908293,临高县,100460
469026,昌江黎族自治县,109.053351,19.260968,昌江黎族自治县,116117
469028,陵水黎族自治县,110.037218,18.505005999999998,陵水黎族自治县,457441
500110,綦江区,106.651417,29.028090999999996,綦江区,378466
500111,大足区,105.715319,29.700498,大足区,376927
500115,长寿区,107.074854,29.833671000000002,长寿区,368059
500116,江津区,106.253156,29.283387,江津区,700177
500117,合川区,106.26555400000001,29.990993,合川区,415264
500118,永川区,105.894714,29.348747999999997,永川区,482404
500119,南川区,107.098153,29.156646000000002,南川区,233071
500120,璧山区,106.231126,29.593581,璧山区,558972
500151,铜梁区,106.054948,29.839944,铜梁区,297000
500230,丰都县,107.73248000000001,29.866424,丰都县,190400
500231,垫江县,107.34869199999999,30.330012,垫江县,194753
500233,忠县,108.03751799999999,30.291536999999998,忠县,166606
500235,云阳县,108.697698,30.930528999999996,云阳县,168514
500236,奉节县,109.465774,31.019966999999998,奉节县,171985
500237,巫山县,109.878928,31.074842999999998,巫山县,113483
500240,石柱土家族自治县,108.112448,29.99853,石柱土家族自治县,133690
500241,秀山土家族苗族自治县,108.996043,28.444771999999997,秀山土家族苗族自治县,125972
500242,酉阳土家族苗族自治县,108.767201,28.839828000000004,酉阳土家族苗族自治县,120636
500243,彭水苗族土家族自治县,108.166551,29.293855999999998,彭水苗族土家族自治县,140381
510114,新都区,104.16022,30.824222999999996,新都区,1049328
510115,温江区,103.836776,30.697996000000003,温江区,369055
510121,金堂县,104.415604,30.858417,金堂县,206729
510129,大邑县,103.522397,30.586602000000003,大邑县,250864
510131,蒲江县,103.51154100000001,30.194359000000002,蒲江县,132344
510132,新津县,103.812449,30.414284000000002,新津县,221012
510181,都江堰市,103.627898,30.99114,都江堰市,476144
510182,彭州市,103.94117299999999,30.985160999999998,彭州市,272472
510183,邛崃市,103.46143000000001,30.413271,邛崃市,977995
510184,崇州市,103.671049,30.631478,崇州市,205493
510521,泸县,105.37633500000001,29.151288,泸县,149002
510522,合江县,105.834098,28.810325,合江县,107676
510525,古蔺县,105.813359,28.039479999999998,古蔺县,163133
510623,中江县,104.67783100000001,31.03681,中江县,100158
510681,广汉市,104.281903,30.97715,广汉市,170283
510682,什邡市,104.173653,31.126881,什邡市,161087
510683,绵竹市,104.200162,31.343084,绵竹市,214234
510781,江油市,104.744431,31.776386,江油市,190670
510922,射洪县,105.381849,30.868752,射洪县,110360
511181,峨眉山市,103.492488,29.597478000000002,峨眉山市,291902
511381,阆中市,105.97526599999999,31.580465999999998,阆中市,105376
511403,彭山区,103.8701,30.192297999999997,彭山区,156755
511421,仁寿县,104.147646,29.996721,仁寿县,234200
511521,宜宾县,104.541489,28.695678000000004,宜宾县,190560
511621,岳池县,106.444451,30.533538,岳池县,117648
511622,武胜县,106.292473,30.344291,武胜县,115641
511623,邻水县,106.934968,30.334322999999998,邻水县,103612
511703,达川区,107.507926,31.199061999999998,达川区,131332
511722,宣汉县,107.722254,31.355025,宣汉县,170050
511724,大竹县,107.20742,30.736289000000003,大竹县,200259
511725,渠县,106.97074599999999,30.836347999999997,渠县,104652
512021,安岳县,105.33676399999999,30.099206,安岳县,130215
512081,简阳市,104.55033900000001,30.390665999999996,简阳市,1739932
513224,松潘县,103.599177,32.63838,松潘县,169155
513228,黑水县,102.99080500000001,32.061721,黑水县,110987
513328,甘孜县,99.991753,31.61975,甘孜县,183667
513401,西昌市,102.258758,27.885786,西昌市,410580
513433,冕宁县,102.170046,28.550844,冕宁县,108342
520121,开阳县,106.96943799999998,27.056793,开阳县,248994
520181,清镇市,106.47027800000001,26.551289,清镇市,161694
520203,六枝特区,105.47423500000001,26.210662,六枝特区,130103
520221,水城县,104.95685,26.540478000000004,水城县,215225
520382,仁怀市,106.412476,27.803377,仁怀市,449791
520403,平坝区,106.259942,26.40608,平坝区,118886
520502,七星关区,105.284852,27.302084999999998,七星关区,255007
520521,大方县,105.609254,27.143521000000003,大方县,100350
520522,黔西县,106.038299,27.024922999999998,黔西县,106969
520523,金沙县,106.222103,27.459692999999998,金沙县,190036
520524,织金县,105.768997,26.668497,织金县,239876
520526,威宁彝族回族苗族自治县,104.286523,26.859099,威宁彝族回族苗族自治县,311206
520527,赫章县,104.726438,27.119243,赫章县,128570
520602,碧江区,109.192117,27.718745000000002,碧江区,129135
520628,松桃苗族自治县,109.202627,28.165419,松桃苗族自治县,127150
522301,兴义市,104.89798200000001,25.088599,兴义市,709376
522322,兴仁县,105.192778,25.431378,兴仁县,150016
522325,贞丰县,105.65013300000001,25.385752,贞丰县,188932
522328,安龙县,105.471498,25.108959,安龙县,355387
522601,凯里市,107.97754099999999,26.582964,凯里市,241647
522701,都匀市,107.517021,26.258205,都匀市,189970
522702,福泉市,107.513508,26.702508,福泉市,155030
522725,瓮安县,107.478417,27.066339000000003,瓮安县,231369
522730,龙里县,106.977733,26.448809000000004,龙里县,224363
530114,呈贡区,102.80138199999999,24.889275,呈贡区,372022
530127,嵩明县,103.038777,25.335086999999998,嵩明县,108013
530129,寻甸回族彝族自治县,103.257588,25.559473999999998,寻甸回族彝族自治县,103437
530181,安宁市,102.48554399999999,24.921785,安宁市,288778
530322,陆良县,103.655233,25.022878,陆良县,151081
530325,富源县,104.25692,25.67064,富源县,105063
530326,会泽县,103.30004100000001,26.412861,会泽县,119359
530381,宣威市,104.09554,26.227777000000003,宣威市,130599
530422,澄江县,102.916652,24.669679000000002,澄江县,190193
530427,新平彝族傣族自治县,101.990903,24.0664,新平彝族傣族自治县,126701
530602,昭阳区,103.717267,27.336636,昭阳区,113840
530625,永善县,103.63731999999999,28.231526000000002,永善县,167568
530627,镇雄县,104.87305500000001,27.436266999999997,镇雄县,116525
532301,楚雄市,101.546145,25.040912,楚雄市,231877
532501,个旧市,103.154752,23.360383,个旧市,120516
532502,开远市,103.258679,23.713832,开远市,178875
532503,蒙自市,103.385005,23.366843,蒙自市,187066
532504,弥勒市,103.436988,24.40837,弥勒市,172183
532524,建水县,102.820493,23.618387,建水县,128260
532601,文山市,104.244277,23.369216,文山市,200700
532801,景洪市,100.797947,22.002087,景洪市,110294
532901,大理市,100.24136899999999,25.593067,大理市,316706
533123,盈江县,97.93393,24.709541,盈江县,105870
610117,高陵区,109.08889599999999,34.535065,高陵区,117293
610427,彬县,108.083674,35.034233,彬县,100056
610581,韩城市,110.45239099999999,35.475238,韩城市,301452
610625,志丹县,108.768898,36.823031,志丹县,178029
610626,吴起县,108.176976,36.924852,吴起县,192700
610632,黄陵县,109.262469,35.580165,黄陵县,152807
610822,府谷县,111.069645,39.029243,府谷县,229748
610824,靖边县,108.80566999999999,37.596084000000005,靖边县,139911
610825,定边县,107.601284,37.59523,定边县,116212
620602,凉州区,102.63449200000001,37.93025,凉州区,123260
621022,环县,107.30875400000001,36.569322,环县,336983
622901,临夏市,103.211634,35.59941,临夏市,112890
632801,格尔木市,94.905777,36.401540999999995,格尔木市,140016
632802,德令哈市,97.370143,37.374555,德令哈市,112867
640121,永宁县,106.253781,38.280429999999996,永宁县,126633
640122,贺兰县,106.345904,38.554563,贺兰县,110566
640181,灵武市,106.334701,38.094058000000004,灵武市,303082
640521,中宁县,105.67578400000001,37.489736,中宁县,111488
659001,石河子市,86.041075,44.305886,石河子市,440075
659004,五家渠市,87.526884,44.167401,五家渠市,194707
652301,昌吉市,87.304112,44.013183000000005,昌吉市,421080
652302,阜康市,87.98384,44.152153000000006,阜康市,160132
652327,吉木萨尔县,89.181288,43.997162,吉木萨尔县,226142
652701,博乐市,82.072237,44.903087,博乐市,107443
652801,库尔勒市,86.145948,41.763121999999996,库尔勒市,344035
652901,阿克苏市,80.2629,41.171271999999995,阿克苏市,193445
652923,库车县,82.96304,41.717141,库车县,338408
652924,沙雅县,82.78076999999999,41.226268,沙雅县,100138
652926,拜城县,81.869881,41.796101,拜城县,135341
653101,喀什市,75.98838,39.467861,喀什市,209126
653201,和田市,79.927542,37.108944,和田市,215587
654002,伊宁市,81.316343,43.922209,伊宁市,215757
654003,奎屯市,84.901602,44.423445,奎屯市,123709
654004,霍尔果斯市,80.42075899999999,44.201669,霍尔果斯市,227658
654202,乌苏市,84.677624,44.430115,乌苏市,151003
130429,永年县,114.49616200000001,36.776413,永年区,127353
210282,普兰店市,121.9705,39.401555,普兰店区,165914
211121,大洼县,122.071708,40.994428000000006,大洼区,311372
310230,崇明县,121.397516,31.626946000000004,崇明区,1038911
320829,洪泽县,118.867875,33.294975,洪泽区,164593
330185,临安市,119.715101,30.231153000000003,临安区,433009
330283,奉化市,121.41089,29.662347999999998,奉化区,429354
331021,玉环县,121.23233700000002,28.128420000000002,玉环市,484919
360402,庐山区,115.99011999999999,29.676175,庐山市,130578
361029,东乡县,116.605341,28.2325,东乡区,158179
370181,章丘市,117.54068999999998,36.71209,章丘区,520832
370282,即墨市,120.447352,36.390846999999994,即墨区,1043467
370521,垦利县,118.55131399999999,37.588679,垦利区,227177
430124,宁乡县,112.553182,28.253928000000002,宁乡市,440789
500228,梁平县,107.80003400000001,30.672168,梁平区,214568
500232,武隆县,107.75655,29.323759999999996,武隆区,149691
510122,双流县,103.922706,30.573242999999998,双流区,933113
530122,晋宁县,102.594987,24.666944,晋宁区,205423
610721,南郑县,106.942393,33.003341,南郑区,318171
610821,神木县,110.497005,38.835640999999995,神木市,714512
,,,,宁河区,261892
,,,,静海区,695131
,,,,蓟州区,253365
,,,,徐水区,135669
,,,,金坛区,511918
,,,,大丰区,525006
,,,,义安区,149782
,,,,新建区,650437
,,,,柴桑区,185588
,,,,赣县区,153366
,,,,广丰区,292161
,,,,建安区,161718
,,,,陕州区,159600
,,,,高要区,135275
,,,,武鸣区,148758
,,,,靖西市,139618
,,,,潼南区,214155
,,,,荣昌区,259166
,,,,开州区,246819
,,,,郫都区,418810
,,,,盘州市,505252
,,,,播州区,190800
,,,,腾冲市,169885
,,,,鄯善县,124765
,,,,伊州区,380440
