name,area,popall,popcity,companies,worker,industry_comp,big_comp
白云区人和镇,7440,183812,5178,1921,53985,836,72
白云区太和镇,15537,375940,3844,3018,78261,1394,102
白云区钟落潭镇,16900,219335,11047,2091,57987,1401,120
白云区江高镇,10228,196862,23562,1689,73971,821,111
黄埔区九龙镇,17942,108575,13008,650,39923,140,42
番禺区南村镇,4700,297772,86076,6504,103622,2172,73
番禺区新造镇,1400,31328,7241,112,7226,88,14
番禺区化龙镇,5373,78137,3005,492,47361,245,53
番禺区石楼镇,12600,152021,73144,1256,55846,485,94
番禺区沙湾镇,3745,115988,92785,2982,78756,1265,58
番禺区石基镇,4703,108224,21080,2601,50182,1515,84
花都区梯面镇,9128,10614,1698,59,2613,25,5
花都区花山镇,11640,118570,11446,2075,68768,629,79
花都区花东镇,20844,165128,21543,1638,43092,621,68
花都区炭步镇,11330,69415,39707,1002,29918,450,69
花都区赤坭镇,16040,57835,9014,210,4133,100,20
花都区狮岭镇,13631,271060,87521,2996,171032,1503,158
南沙区万顷沙镇,14285,50210,8000,185,9800,15,15
南沙区横沥镇,5413,42073,1329,269,4145,62,20
南沙区黄阁镇,7650,55458,7000,114,33802,61,61
南沙区东涌镇,9200,190245,18094,2589,132836,915,162
南沙区大岗镇,9007,130296,87931,854,41256,514,49
南沙区榄核镇,7450,89107,17893,816,45415,503,70
从化区温泉镇,21224,54300,5614,283,9456,72,17
从化区良口镇,43915,42800,4461,123,3933,10,1
从化区吕田镇,39300,32000,3107,160,2469,11,1
从化区太平镇,21033,99300,15329,841,28220,280,62
从化区鳌头镇,41000,150000,14369,420,21000,165,14
增城区新塘镇,8632,257894,97321,5574,143300,1800,492
增城区石滩镇,17097,146691,10066,543,10974,300,110
增城区中新镇,23237,94166,13027,237,10249,218,72
增城区正果镇,23941,62595,2774,114,1728,51,4
增城区派潭镇,28900,77567,7236,474,3627,50,
增城区小楼镇,13600,40582,3895,135,3010,48,5
增城区仙村镇,5665,48132,6570,253,12200,200,51
武江区西联镇,6900,35384,8450,354,30576,46,32
武江区西河镇,6300,24368,1829,123,1431,31,3
武江区龙归镇,23700,35433,3272,86,1250,30,1
武江区江湾镇,21757,5481,1273,20,210,11,
武江区重阳镇,8200,13911,670,15,174,5,
浈江区新韶镇,10600,17891,15742,258,2323,28,
浈江区乐园镇,2400,67003,8326,676,10303,18,14
浈江区十里亭镇,5490,75901,74043,489,32357,12,12
浈江区犁市镇,30500,41090,7225,243,3833,81,16
浈江区花坪镇,7650,5080,1297,87,576,,
曲江区马坝镇,18886,147175,15547,776,22137,88,17
曲江区大塘镇,17281,30112,2760,53,830,38,
曲江区枫湾镇,22000,14241,1292,38,235,13,1
曲江区小坑镇,16446,5002,1080,20,488,15,
曲江区沙溪镇,21000,12789,970,69,2942,34,5
曲江区乌石镇,11866,14942,1235,77,1072,30,6
曲江区樟市镇,22860,25976,1668,33,243,15,1
曲江区白土镇,13905,22241,1632,91,6290,57,17
曲江区罗坑镇,21866,7830,539,30,127,20,1
始兴县太平镇,28725,69649,50784,361,28929,123,53
始兴县马市镇,27710,31293,2128,43,1833,28,3
始兴县澄江镇,21029,8943,243,12,188,6,
始兴县顿岗镇,9500,22221,4138,21,327,15,
始兴县罗坝镇,31419,15607,1814,30,601,20,1
始兴县司前镇,25789,9688,2589,14,118,12,
始兴县隘子镇,32183,15578,1855,12,76,12,
始兴县城南镇,5286,19239,5964,24,983,16,1
始兴县沈所镇,12513,19120,599,7,73,4,
始兴县深渡水乡,19040,4762,980,12,350,10,
仁化县闻韶镇,9800,4475,982,39,195,3,
仁化县扶溪镇,18000,10656,2831,32,442,17,
仁化县长江镇,31300,22919,6000,61,1988,46,2
仁化县城口镇,32200,8745,2679,20,126,19,2
仁化县红山镇,16670,8095,389,28,250,23,1
仁化县石塘镇,8000,9371,4460,10,122,4,2
仁化县董塘镇,19300,42368,7845,232,1242,26,15
仁化县大桥镇,16900,7703,696,47,681,12,3
仁化县周田镇,28900,20730,3577,73,2100,35,22
仁化县黄坑镇,17500,8947,1264,27,262,15,
翁源县龙仙镇,43158,117476,60750,509,3264,129,6
翁源县坝仔镇,38298,41710,3300,97,520,53,2
翁源县江尾镇,33355,37606,6100,143,720,37,2
翁源县官渡镇,23695,39770,3950,192,2378,86,22
翁源县周陂镇,21378,36871,2024,48,1520,18,1
翁源县翁城镇,13719,32706,6087,117,3367,51,23
翁源县新江镇,34299,37408,2239,116,1052,27,1
乳源瑶族自治县乳城镇,20935,73145,6265,794,20215,162,50
乳源瑶族自治县一六镇,7758,14950,593,58,290,7,1
乳源瑶族自治县桂头镇,12451,28005,7573,121,1637,49,11
乳源瑶族自治县洛阳镇,58825,8762,365,67,384,51,1
乳源瑶族自治县大布镇,22026,7629,1025,27,367,10,
乳源瑶族自治县大桥镇,46572,28864,1600,90,633,23,1
乳源瑶族自治县东坪镇,33297,9099,1844,50,813,31,
乳源瑶族自治县游溪镇,13360,9309,448,37,200,18,
乳源瑶族自治县必背镇,14677,7737,205,16,80,7,
新丰县黄w镇,24700,7387,659,50,368,16,5
新丰县马头镇,53035,28063,2578,126,1198,29,18
新丰县梅坑镇,31000,19003,1187,84,683,38,9
新丰县沙田镇,24200,14370,929,44,320,11,1
新丰县遥田镇,21400,27061,1406,34,247,10,1
新丰县回龙镇,19300,17488,2894,84,640,19,7
乐昌市北乡镇,9547,11977,1020,33,312,16,
乐昌市九峰镇,19931,17445,2218,80,421,25,
乐昌市廊田镇,16239,29580,11500,110,2753,43,8
乐昌市长来镇,11650,21495,5493,96,2206,24,7
乐昌市梅花镇,19833,50912,16480,98,3090,19,1
乐昌市三溪镇,7251,3382,1486,12,260,4,
乐昌市坪石镇,27153,74368,43417,227,3867,52,7
乐昌市黄圃镇,7910,16267,2573,22,170,6,
乐昌市五山镇,18600,8425,2198,21,106,,
乐昌市两江镇,13300,8720,1400,24,251,18,
乐昌市沙坪镇,14600,12021,794,5,95,5,
乐昌市云岩镇,6647,8612,723,8,85,3,
乐昌市秀水镇,5581,12601,625,38,465,12,1
乐昌市大源镇,28206,10511,10511,47,255,36,
乐昌市庆云镇,8854,7388,1266,27,425,11,1
乐昌市白石镇,7925,10890,1489,32,190,4,
南雄市乌迳镇,15702,28026,16462,96,2343,16,1
南雄市界址镇,5639,8555,1413,42,1358,4,
南雄市坪田镇,13826,16363,1694,65,1795,7,
南雄市黄坑镇,5827,15851,4046,75,1970,13,2
南雄市邓坊镇,11804,10376,2390,75,1779,14,
南雄市油山镇,14663,16554,2230,104,1666,18,
南雄市南亩镇,11126,10233,1213,59,1305,7,
南雄市水口镇,10680,15683,1652,77,1565,10,1
南雄市江头镇,13108,7171,1580,89,1595,27,2
南雄市湖口镇,7364,18231,3128,114,2922,22,2
南雄市珠玑镇,19753,23521,3968,198,4275,41,4
南雄市主田镇,16567,9478,1842,59,1090,15,1
南雄市古市镇,9863,12827,1728,259,16589,85,42
南雄市全安镇,19044,16841,1349,127,5296,38,5
南雄市百顺镇,19142,10529,2013,73,1186,35,
南雄市澜河镇,13925,6332,1048,56,1220,21,
南雄市帽子峰镇,9721,6454,952,46,1021,7,
香洲区唐家湾镇,13900,127543,127543,3046,91118,151,151
香洲区南屏镇,6070,135405,135405,108,9617,20,20
香洲区横琴镇,8288,9436,9436,3366,27290,38,1
香洲区桂山镇,650,2035,2035,269,3000,,
香洲区万山镇,2300,1473,1363,167,2225,1,
香洲区担杆镇,4190,1028,1028,350,3850,,
斗门区莲洲镇,8660,46466,2468,62,5048,29,4
斗门区斗门镇,10500,52666,7200,153,18547,55,23
斗门区乾务镇,19062,81433,14280,308,28005,258,63
斗门区白蕉镇,17800,125225,38686,265,13600,48,48
斗门区井岸镇,9960,172983,76825,161,62190,60,60
金湾区三灶镇,24306,155842,,837,62125,540,118
金湾区南水镇,15294,35966,30598,781,25157,384,107
金湾区红旗镇,12300,90216,56000,135,34949,76,76
金湾区平沙镇,15500,79647,51103,803,25371,97,61
龙湖区外砂镇,2935,86433,86433,1144,42693,808,24
龙湖区新溪镇,2740,71883,71883,82,3003,54,9
潮阳区海门镇,2780,126298,110748,313,8122,206,4
潮阳区河溪镇,6350,79876,5965,7,170,6,
潮阳区和平镇,5894,209390,111821,615,53800,603,115
潮阳区西胪镇,10982,198359,15672,123,3075,14,
潮阳区关埠镇,5456,112202,112202,29,449,3,
潮阳区谷饶镇,7029,184755,178368,3100,156690,1200,158
潮阳区贵屿镇,5217,170876,20686,1498,44960,1042,53
潮阳区铜盂镇,4240,134012,25372,928,6000,215,25
潮阳区金灶镇,7890,123976,67049,26,310,26,1
潮南区井都镇,4599,81005,34929,110,4251,26,3
潮南区成田镇,5708,98074,4752,225,7000,60,15
潮南区司马浦镇,3064,157006,33627,571,16697,323,52
潮南区陈店镇,2677,131163,70270,1045,22608,455,87
潮南区两英镇,8521,235784,14440,536,20340,340,82
潮南区仙城镇,5471,123245,45863,230,5762,90,7
潮南区胪岗镇,5024,149491,51243,392,26866,324,46
潮南区红场镇,6955,23351,2363,13,110,7,
潮南区雷岭镇,6228,40288,2865,22,518,6,2
潮南区陇田镇,7141,132401,13164,212,6210,107,16
澄海区上华镇,2174,38382,5486,90,4151,77,11
澄海区隆都镇,3384,75508,5304,90,2623,83,5
澄海区莲下镇,5609,127288,67277,1645,33021,1152,46
澄海区莲上镇,2950,59662,57945,374,17990,184,13
澄海区溪南镇,4066,69925,61070,308,4615,111,26
澄海区东里镇,3492,79174,79174,818,19145,238,24
澄海区盐鸿镇,3072,49008,48008,391,4000,102,21
澄海区莲华镇,1991,28714,13370,302,2820,290,1
南澳县后宅镇,4088,36095,32841,778,10453,31,1
南澳县云澳镇,2046,18263,17273,78,775,6,1
南澳县深澳镇,4705,12077,5543,88,1158,11,3
禅城区南庄镇,7603,193827,193827,12935,67958,2256,227
南海区九江镇,9501,210351,210351,5782,72800,2847,193
南海区西樵镇,17663,292776,55279,4529,105300,3515,249
南海区丹灶镇,14348,163000,58002,3000,75000,1900,211
南海区狮山镇,33060,806670,806670,22634,309860,10317,918
南海区大沥镇,9590,614874,614874,20420,204810,4472,230
南海区里水镇,14828,435998,435998,8128,189850,5514,463
顺德区陈村镇,5070,189565,106606,5127,73340,1421,129
顺德区北蛘,9211,324764,324764,8956,189600,2924,218
顺德区乐从镇,7785,319324,135817,16112,186842,2177,37
顺德区龙江镇,7385,301361,301361,10227,152667,3101,177
顺德区杏坛镇,12198,159319,57647,5434,13427,2165,132
顺德区均安镇,8013,170543,94419,3320,60255,1611,146
三水区大塘镇,9815,50342,15720,423,34450,204,141
三水区乐平镇,19201,141865,33177,4085,116860,825,265
三水区白坭镇,6663,67069,44826,356,33086,295,98
三水区芦苞镇,10395,42083,8534,520,28126,149,76
三水区南山镇,12421,24277,2019,80,3800,37,22
高明区杨和镇,22833,56990,9985,1284,35749,612,100
高明区明城镇,18341,36885,21720,837,15480,289,89
高明区更合镇,34701,48312,48312,443,10238,185,54
蓬江区棠下镇,13102,105863,4460,2679,63354,881,113
蓬江区荷塘镇,3200,82901,10378,1302,53299,1108,96
蓬江区杜阮镇,8052,115873,36891,2760,53520,1628,110
新会区大泽镇,8176,49124,2135,571,10163,536,41
新会区司前镇,8990,75131,8340,405,16077,362,62
新会区罗坑镇,12290,23025,2163,412,6125,201,14
新会区双水镇,20744,92392,2842,1112,12522,340,32
新会区崖门镇,29841,54006,12555,252,9125,182,36
新会区沙堆镇,9788,35623,1419,138,11863,52,20
新会区古井镇,11232,35230,4527,415,4265,202,25
新会区三江镇,8237,50060,1331,216,4883,147,27
新会区睦洲镇,7980,38568,4946,483,4057,113,26
新会区大鳌镇,5251,38322,3956,158,8343,58,8
台山市大江镇,6903,44598,9868,459,8066,376,31
台山市水步镇,11461,41071,10043,482,5242,171,30
台山市四九镇,24659,35913,13743,374,16726,172,25
台山市白沙镇,16984,57477,16899,230,7294,37,7
台山市三合镇,21406,34055,16893,149,3475,105,4
台山市冲蒌镇,11471,36091,15892,169,3765,40,10
台山市斗山镇,13705,45415,8368,192,1840,32,6
台山市都斛镇,15422,43062,7085,136,2225,25,1
台山市赤溪镇,28222,30657,11785,185,3254,63,
台山市端芬镇,29931,49645,14330,155,1406,38,6
台山市广海镇,13792,40948,32123,231,3561,86,7
台山市海宴镇,24591,69346,8137,185,3078,29,4
台山市汶村镇,16434,52200,16556,134,2076,31,1
台山市深井镇,31983,46738,4259,111,790,5,
台山市北陡镇,17943,25879,6650,94,1317,18,
台山市川岛镇,28045,33329,938,285,5040,3,
开平市沙塘镇,8530,23247,885,94,1539,55,17
开平市苍城镇,12810,31445,3444,124,632,53,18
开平市龙胜镇,16380,37199,1080,99,4450,49,6
开平市大沙镇,21560,22915,1403,48,405,11,
开平市马冈镇,9230,37532,1360,63,3480,13,1
开平市塘口镇,7280,26315,848,97,2215,46,4
开平市赤坎镇,6210,27564,2055,129,6000,66,20
开平市百合镇,6630,17332,1147,85,1766,38,5
开平市蚬冈镇,6790,14365,944,35,436,12,3
开平市金鸡镇,12050,18009,1030,74,1940,21,2
开平市月山镇,12120,47764,2566,169,3755,96,16
开平市赤水镇,28390,37971,596,58,321,9,2
开平市水口镇,8050,74889,8174,1170,45138,732,97
鹤山市龙口镇,15888,43227,7088,231,8625,163,33
鹤山市雅瑶镇,8230,42271,20253,602,18352,301,44
鹤山市古劳镇,6822,32527,9808,287,25861,150,26
鹤山市桃源镇,5547,30631,13327,593,15964,219,36
鹤山市鹤城镇,15900,33834,9218,374,26178,202,50
鹤山市共和镇,8993,32100,21828,588,14322,256,57
鹤山市址山镇,9822,46500,7203,791,18665,539,50
鹤山市宅梧镇,20506,28041,4574,198,4884,83,7
鹤山市双合镇,12346,16330,2260,196,4120,96,9
恩平市横陂镇,20173,22726,5836,32,4327,17,7
恩平市圣堂镇,5665,21985,3762,42,1306,26,4
恩平市良西镇,12175,22961,2071,59,325,4,2
恩平市沙湖镇,16486,50347,8685,181,9300,21,16
恩平市牛江镇,9100,20292,1809,730,4430,294,4
恩平市君堂镇,10060,46335,9312,43,700,25,1
恩平市大田镇,20236,24202,855,49,730,19,
恩平市那吉镇,26000,12563,2318,20,1481,18,2
恩平市大槐镇,12200,17618,3879,384,6619,46,11
恩平市东成镇,11297,25702,1381,252,2614,97,5
坡头区南三镇,16463,78861,4561,124,621,4,
坡头区坡头镇,8906,68789,7578,73,3358,30,11
坡头区乾塘镇,4889,38356,1942,2,20,2,
坡头区龙头镇,11339,63734,9301,1354,5768,188,14
坡头区官渡镇,9505,62255,4358,84,9513,75,29
麻章区麻章镇,13444,106797,48992,1526,28594,298,58
麻章区太平镇,12135,86530,25671,85,3651,21,5
麻章区湖光镇,15242,74905,5688,129,1159,20,3
麻章区硇洲镇,5600,45383,13547,26,210,4,
遂溪县遂城镇,26500,262136,163254,1569,27578,289,36
遂溪县黄略镇,14900,84363,7058,386,5038,386,14
遂溪县洋青镇,16833,79761,6798,108,931,43,13
遂溪县界炮镇,13297,63643,8908,125,3556,13,1
遂溪县乐民镇,9650,39448,5527,25,165,15,
遂溪县江洪镇,5948,32135,12274,70,453,15,1
遂溪县杨柑镇,18710,94961,10762,214,1640,19,3
遂溪县城月镇,20909,92608,36163,209,2721,37,11
遂溪县乌塘镇,4970,17152,2073,5,245,5,4
遂溪县建新镇,5743,19612,1357,3,159,3,3
遂溪县岭北镇,10906,24086,13352,96,3781,68,21
遂溪县北坡镇,16400,30145,10950,135,1295,24,4
遂溪县港门镇,9800,40289,7125,12,168,2,2
遂溪县草潭镇,12275,68373,7236,30,3312,12,4
遂溪县河头镇,14400,34035,10616,96,2325,40,1
徐闻县迈陈镇,12300,74725,9153,40,762,20,
徐闻县海安镇,3685,25925,7046,131,1962,67,
徐闻县曲界镇,15593,44612,13502,37,890,37,1
徐闻县前山镇,11522,33012,3573,14,300,9,3
徐闻县西连镇,8100,42522,3262,18,218,18,
徐闻县下桥镇,15025,42237,5681,18,1180,12,4
徐闻县龙塘镇,18405,59252,5977,20,432,6,
徐闻县下洋镇,7500,30763,3360,19,187,1,1
徐闻县锦和镇,11169,37967,7538,83,756,12,1
徐闻县和安镇,5888,31797,6150,99,841,13,1
徐闻县新寮镇,8595,29280,5572,3,170,3,1
徐闻县南山镇,13537,78253,3121,149,440,46,4
徐闻县城北乡,12500,39026,,48,367,7,3
徐闻县角尾乡,5020,27213,3880,3,338,3,3
廉江市石城镇,12700,74327,6000,200,5177,175,11
廉江市新民镇,10200,44957,2566,238,2861,188,9
廉江市吉水镇,11100,77249,3245,272,13862,251,65
廉江市河唇镇,16002,84186,15822,108,2298,88,8
廉江市石角镇,16400,49128,4125,332,1600,10,
廉江市良垌镇,28900,113276,7325,118,2729,72,5
廉江市横山镇,18561,113721,7419,239,2673,90,17
廉江市安铺镇,8550,108556,53856,206,10113,128,21
廉江市营仔镇,20400,74710,7849,141,1839,53,11
廉江市青平镇,27664,101447,18484,213,2568,37,8
廉江市车板镇,11100,41054,3669,141,707,128,3
廉江市高桥镇,12118,48266,1037,31,1206,11,6
廉江市石岭镇,22500,102199,28038,269,21186,90,54
廉江市雅塘镇,7600,40592,2487,47,1612,39,2
廉江市石颈镇,9041,43014,2159,38,1473,12,1
廉江市长山镇,13800,52805,7512,245,2314,51,2
廉江市塘蓬镇,16200,72125,10890,126,3594,43,4
廉江市和寮镇,10655,34543,3126,124,705,119,
雷州市白沙镇,11053,88588,5223,1124,12314,76,6
雷州市沈塘镇,6660,58163,4628,25,151,7,
雷州市客路镇,33433,115123,25511,161,810,51,2
雷州市杨家镇,16395,86674,14326,33,226,8,3
雷州市唐家镇,19200,50787,13895,50,3716,41,4
雷州市企水镇,10601,50726,20384,46,421,12,1
雷州市纪家镇,33913,110480,7366,50,600,40,2
雷州市松竹镇,6793,71241,1923,32,365,23,3
雷州市南兴镇,13500,84190,11312,168,10251,39,2
雷州市雷高镇,16503,44103,6073,19,1843,11,1
雷州市东里镇,13600,62008,9006,4,312,1,1
雷州市调风镇,22148,68551,10850,31,1345,20,2
雷州市龙门镇,25333,91792,39120,231,2491,64,5
雷州市英利镇,26500,86995,31549,136,5698,53,8
雷州市北和镇,18376,86004,10561,135,1425,6,1
雷州市乌石镇,12690,89208,25813,42,1368,27,3
雷州市覃斗镇,10400,53542,3752,30,2540,4,2
雷州市附城镇,12900,109361,3600,50,751,26,6
吴川市浅水镇,7809,42247,7850,54,1009,53,3
吴川市长岐镇,6050,78950,3593,83,1392,28,5
吴川市覃巴镇,7706,66913,4500,210,3650,121,7
吴川市王村港镇,2620,27145,5019,8,290,6,4
吴川市振文镇,5820,107136,2132,98,1440,22,6
吴川市樟铺镇,5238,60424,2295,89,919,23,2
吴川市吴阳镇,8160,86583,12187,27,142,15,1
吴川市塘缀镇,11843,121008,13637,96,986,19,13
吴川市黄坡镇,15327,137232,41950,483,4972,120,14
吴川市兰石镇,3315,34875,8391,22,183,2,2
茂南区金塘镇,10443,70980,4210,1534,2500,48,12
茂南区公馆镇,10360,69201,2963,295,7145,142,15
茂南区新坡镇,2479,34180,7126,390,5180,360,16
茂南区镇盛镇,5959,56570,56570,57,733,47,5
茂南区鳌头镇,5476,74597,2955,94,2653,92,2
茂南区袂花镇,2559,41809,2129,122,1135,86,2
茂南区高山镇,1219,20115,3290,1658,18020,157,5
茂南区山阁镇,4474,32709,986,89,3633,53,14
电白区羊角镇,10146,22572,9857,557,5977,80,12
电白区马踏镇,15599,69886,2745,24,415,9,3
电白区岭门镇,10254,65838,4883,69,871,34,12
电白区坡心镇,5254,63202,2557,131,3278,48,6
电白区七迳镇,8036,72240,3336,320,6558,129,45
电白区树仔镇,6592,50477,3283,95,1536,58,12
电白区沙院镇,4718,40820,6819,128,1402,80,18
电白区麻岗镇,9426,62368,3908,81,1011,47,19
电白区旦场镇,8774,63744,5064,68,1067,21,8
电白区小良镇,6288,46282,2053,76,698,46,6
电白区霞洞镇,12907,77120,2803,57,1241,34,16
电白区观珠镇,18962,83324,5512,52,682,24,5
电白区沙琅镇,9890,71631,13478,78,1113,28,7
电白区黄岭镇,7833,34614,2114,36,524,12,8
电白区望夫镇,9532,29359,1025,21,313,8,1
电白区罗坑镇,15107,28962,1544,44,429,35,1
电白区那霍镇,14106,51342,2498,45,532,23,2
电白区水东镇,3923,151738,126395,1551,62259,270,30
电白区博贺镇,5663,71075,20843,67,1696,33,4
电白区林头镇,14120,120817,10165,122,1612,57,16
电白区电城镇,15743,146137,20948,58,1855,20,6
电白区陈村镇,3630,50593,14002,100,1115,45,8
高州市谢鸡镇,10320,57363,4255,23,597,13,5
高州市新垌镇,16816,57382,1792,124,1461,28,3
高州市云潭镇,8491,44009,3150,168,5700,49,4
高州市分界镇,6660,40849,2680,208,6334,49,6
高州市根子镇,8700,56367,6491,178,3104,21,5
高州市泗水镇,7600,47923,3902,22,497,18,2
高州市镇江镇,10100,39523,2160,46,1380,23,9
高州市沙田镇,9800,34632,2384,60,1392,9,4
高州市南塘镇,14800,47313,2801,79,1400,23,7
高州市荷花镇,10703,38552,1237,46,3650,24,4
高州市石板镇,9100,40117,1591,103,2611,43,8
高州市大井镇,12800,39142,13474,130,1500,47,6
高州市潭头镇,10300,41862,2232,90,1209,15,4
高州市大坡镇,23600,50821,8220,112,1208,53,5
高州市平山镇,14900,32661,1350,187,1028,186,4
高州市深镇镇,12132,28238,1130,277,1385,40,2
高州市马贵镇,15723,31669,2543,80,703,37,2
高州市古丁镇,11200,33186,4460,67,558,16,1
高州市曹江镇,12500,72546,1694,153,2815,51,8
高州市荷塘镇,11600,31732,1376,154,2311,25,7
高州市石鼓镇,15524,108408,39980,148,4230,131,27
高州市东岸镇,26040,78733,3597,112,562,7,4
高州市长坡镇,22438,90320,5750,354,1775,254,4
化州市长岐镇,3700,43193,1538,48,870,12,3
化州市同庆镇,6040,56872,6951,165,4263,51,10
化州市杨梅镇,9200,82758,2260,168,7328,22,5
化州市良光镇,10800,57074,6647,34,1899,21,12
化州市笪桥镇,9460,46639,1738,20,1648,10,6
化州市丽岗镇,7860,49074,2850,68,2952,18,8
化州市新安镇,15495,45720,4621,68,2993,35,4
化州市官桥镇,11420,55645,5187,136,1345,14,5
化州市林尘镇,12500,56306,4500,70,1080,12,4
化州市合江镇,17625,74510,5166,131,6571,34,10
化州市那务镇,17930,95808,4268,133,13864,121,5
化州市播扬镇,12590,36752,3956,68,1755,16,7
化州市宝圩镇,5280,21812,4927,103,4350,92,7
化州市平定镇,21680,71063,7510,509,5930,80,10
化州市文楼镇,15905,60448,1880,49,1947,43,7
化州市江湖镇,5819,28690,2574,130,4231,10,6
化州市中垌镇,23450,113266,12603,245,1503,114,7
信宜市镇隆镇,8050,55318,20049,281,3358,200,21
信宜市水口镇,12380,58475,5232,119,2548,39,5
信宜市丁堡镇,8149,40007,920,39,1421,36,5
信宜市池洞镇,14625,59276,7324,40,3026,34,7
信宜市贵子镇,15865,38225,14212,102,3247,32,6
信宜市怀乡镇,16213,66535,12875,131,8955,122,21
信宜市茶山镇,10120,20448,5310,16,389,10,1
信宜市洪冠镇,14891,37725,2338,162,1095,70,3
信宜市白石镇,18010,58295,6984,102,1678,28,4
信宜市大成镇,12828,32427,3623,269,10518,201,14
信宜市钱排镇,20491,58340,5800,169,2300,30,2
信宜市合水镇,14118,34890,5102,189,3643,150,4
信宜市新宝镇,18449,29331,29331,87,805,40,3
信宜市平塘镇,19058,43426,4905,48,1270,38,2
信宜市思贺镇,18105,28206,28206,61,405,3,
信宜市金垌镇,19571,31298,2437,32,372,7,4
信宜市朱砂镇,28203,67300,8208,875,8806,825,11
信宜市北界镇,18294,76102,4616,186,2000,94,5
鼎湖区永安镇,7835,32362,3801,122,9756,58,24
鼎湖区沙浦镇,11900,19189,1246,38,446,9,
鼎湖区凤凰镇,16192,8397,1251,74,2071,24,2
鼎湖区莲花镇,8722,34133,8562,194,13581,77,23
高要区河台镇,14805,17582,1538,16,928,16,
高要区乐城镇,9456,28003,1654,10,387,10,
高要区水南镇,11069,8804,1183,9,211,7,
高要区禄步镇,25138,66908,6607,458,6212,23,6
高要区小湘镇,19976,33537,6442,38,3608,38,12
高要区大湾镇,10163,44863,8915,119,655,20,9
高要区新桥镇,3451,40615,13065,43,8036,33,13
高要区白诸镇,12749,45321,1543,46,3456,45,8
高要区莲塘镇,11979,56209,17991,203,2324,84,8
高要区活道镇,23106,38577,1918,104,1058,34,3
高要区蛟塘镇,12990,34180,15328,118,4253,55,19
高要区回龙镇,11383,25318,1284,49,2382,36,12
高要区白土镇,10753,75214,40226,255,11267,163,26
高要区金渡镇,13132,52676,44043,538,21235,352,50
高要区金利镇,15238,98512,7316,4016,20480,221,53
高要区蚬岗镇,7207,32440,12518,116,5316,92,11
广宁县排沙镇,15315,25791,6041,145,779,125,4
广宁县潭布镇,13204,27192,6001,15,234,8,
广宁县江屯镇,24755,48133,6622,395,2361,31,2
广宁县螺岗镇,9735,10785,766,12,60,4,
广宁县北市镇,23024,18108,3788,130,650,15,
广宁县坑口镇,18094,25362,3296,349,2311,28,2
广宁县赤坑镇,17993,17935,2306,54,270,26,
广宁县南街镇,18923,91655,54559,1431,7403,289,20
广宁县宾亨镇,17228,39722,7778,92,2652,64,18
广宁县五和镇,11685,17670,4185,298,2931,31,18
广宁县横山镇,13640,35367,7619,162,3560,33,5
广宁县木格镇,12319,16562,1708,18,596,9,5
广宁县石咀镇,8369,12723,3356,17,330,5,
广宁县古水镇,25987,38324,5811,182,5401,179,8
广宁县洲仔镇,15273,16671,3516,41,430,7,1
怀集县怀城镇,33624,159083,159083,341,4575,193,14
怀集县闸岗镇,8726,16101,1115,11,76,6,
怀集县坳仔镇,22152,34213,2810,44,734,43,6
怀集县汶朗镇,8668,10444,459,10,250,3,2
怀集县甘洒镇,12828,22961,985,10,20,9,
怀集县凤岗镇,27777,34951,2142,35,583,26,3
怀集县洽水镇,52900,27744,3516,284,812,126,3
怀集县梁村镇,8785,66478,10562,15,140,10,1
怀集县大岗镇,11747,63438,3527,19,241,,
怀集县岗坪镇,5527,30663,1785,24,785,17,1
怀集县冷坑镇,19322,97293,9018,64,4251,41,
怀集县马宁镇,5878,40750,2418,18,750,10,1
怀集县蓝钟镇,19849,17940,1825,146,330,50,
怀集县永固镇,19000,38937,2642,13,112,8,
怀集县诗洞镇,32950,55960,5016,17,196,13,1
怀集县桥头镇,21064,46827,4829,75,2156,5,3
怀集县中洲镇,25185,39959,6130,72,2953,52,8
怀集县连麦镇,12258,31832,1058,574,648,26,1
怀集县下帅壮族瑶族乡,7659,9221,9221,22,241,9,
封开县江口镇,17700,55855,11363,449,12361,59,
封开县江川镇,11986,12043,1942,38,1480,38,1
封开县白垢镇,14145,12441,2048,34,715,26,
封开县大洲镇,16273,15974,2700,39,514,6,
封开县渔涝镇,10146,18542,7537,116,1873,61,1
封开县河儿口镇,21803,19122,2473,49,3130,48,1
封开县连都镇,25567,31961,2814,305,7029,43,1
封开县杏花镇,15607,22239,3188,93,1384,30,
封开县罗董镇,18000,25458,1997,420,750,230,
封开县长岗镇,15300,23815,3039,180,5613,162,6
封开县平凤镇,11193,17883,3131,51,680,39,
封开县南丰镇,30600,74268,22756,235,7052,229,1
封开县大玉口镇,13090,12734,3052,13,769,13,
封开县都平镇,13087,8675,1850,9,213,9,
封开县金装镇,12711,42749,3840,26,1258,24,
封开县长安镇,14211,38291,7352,13,1469,13,
德庆县新圩镇,11518,21174,3215,56,2238,23,1
德庆县回龙镇,15812,20212,2834,39,2215,19,1
德庆县官圩镇,23256,32478,4501,89,614,62,12
德庆县马圩镇,11065,20238,5617,15,631,15,2
德庆县高良镇,29470,30014,5250,65,1385,20,1
德庆县莫村镇,26950,29670,3605,75,450,72,1
德庆县永丰镇,13241,20991,3926,23,887,17,2
德庆县武垄镇,8747,16948,1653,25,152,25,1
德庆县播植镇,8001,17628,3916,15,542,15,
德庆县凤村镇,13676,28889,5614,23,198,23,1
德庆县悦城镇,20623,33111,6234,64,2180,61,12
德庆县九市镇,15461,28093,2706,30,1190,24,4
四会市龙甫镇,7986,17875,446,105,9726,74,45
四会市地豆镇,9090,27033,1388,45,3732,38,5
四会市威整镇,6402,16845,1123,33,450,13,2
四会市罗源镇,2622,7719,427,13,899,2,1
四会市迳口镇,9752,17645,923,22,2152,19,3
四会市大沙镇,8635,40334,3600,661,25320,136,19
四会市石狗镇,14247,23376,3495,18,205,16,1
四会市黄田镇,8745,12275,452,70,452,8,2
四会市江谷镇,13276,29243,2063,58,1036,10,8
四会市下茆镇,10695,29335,2100,66,3453,48,13
惠城区汝湖镇,15300,55442,4486,306,13542,141,15
惠城区三栋镇,6797,72191,8347,256,25634,132,16
惠城区潼湖镇,11261,42856,4580,15,893,10,10
惠城区沥林镇,4900,55836,22385,63,15117,54,54
惠城区马安镇,7600,41662,14933,287,9303,182,17
惠城区横沥镇,34283,54738,9272,92,1584,31,1
惠城区芦洲镇,20487,22378,1867,26,213,5,
惠城区潼侨镇,3098,33688,7720,46,8255,39,39
惠阳区沙田镇,7384,30679,13279,520,7889,36,36
惠阳区新圩镇,15352,79286,30135,128,45232,108,108
惠阳区镇隆镇,14946,47138,17208,461,23981,67,67
惠阳区永湖镇,11466,26515,6008,29,6599,19,19
惠阳区良井镇,7260,27884,25616,150,4200,9,9
惠阳区平潭镇,9680,35195,35195,372,4450,19,19
博罗县石坝镇,18091,44698,10006,9,291,2,1
博罗县麻陂镇,8896,25186,5211,37,2148,25,6
博罗县观音阁镇,14393,18641,3587,139,723,10,2
博罗县公庄镇,30976,50448,20072,353,2007,90,11
博罗县杨村镇,12494,45575,8048,106,5478,92,7
博罗县柏塘镇,25587,52061,9896,80,5256,69,15
博罗县泰美镇,17944,34652,11756,112,8596,94,25
博罗县罗阳镇,25162,205717,168928,2613,31145,415,81
博罗县湖镇镇,23724,58249,20100,357,25622,157,32
博罗县长宁镇,6140,41137,8520,253,3104,110,14
博罗县福田镇,9327,38680,6450,814,8673,338,27
博罗县龙华镇,5818,26730,2703,165,12483,86,13
博罗县龙溪街道办事处,11900,92972,58283,1516,45479,342,77
博罗县园洲镇,11294,152891,75676,1065,12783,797,71
博罗县石湾镇,8296,120952,23892,1891,51286,1637,102
博罗县杨侨镇,8961,32562,11750,76,2200,46,10
博罗县横河镇,23460,17975,2630,12,820,4,3
惠东县大岭镇,16023,136314,98653,1682,20862,568,93
惠东县白花镇,20389,74642,68642,645,25998,304,58
惠东县梁化镇,26310,51872,10720,221,3570,55,7
惠东县稔山镇,19155,64820,7461,654,8523,97,14
惠东县铁涌镇,11666,40987,9000,366,4757,57,10
惠东县平海镇,23858,70668,24660,914,7932,86,2
惠东县吉隆镇,12802,83923,83923,420,8643,191,79
惠东县黄埠镇,8424,81666,66739,716,39571,464,111
惠东县多祝镇,57530,59287,6725,410,10740,93,9
惠东县安墩镇,47910,25383,2441,372,1862,29,1
惠东县高潭镇,19621,7552,899,134,1499,20,
惠东县宝口镇,32925,4544,892,38,295,20,
惠东县白盆珠镇,39772,11307,1182,104,3867,60,
龙门县麻榨镇,24015,23495,7911,125,750,63,16
龙门县永汉镇,39269,48558,17518,105,9022,80,13
龙门县龙田镇,17426,24563,5261,144,869,27,8
龙门县龙潭镇,25740,24492,3890,135,702,58,8
龙门县地派镇,21739,16273,5216,55,716,34,14
龙门县龙华镇,37454,33129,3080,378,3290,45,10
龙门县龙江镇,17189,22773,1563,170,1269,45,10
龙门县蓝田瑶族乡,13079,8330,,44,1844,43,7
梅江区三角镇,3900,59217,8342,450,9998,90,19
梅江区长沙镇,9476,11367,2088,23,210,4,1
梅江区城北镇,11778,43218,,298,1490,110,3
梅江区西阳镇,27266,25164,4298,109,3936,73,15
梅县区城东镇,7928,18000,4100,550,2850,64,5
梅县区石扇镇,9104,16432,1320,75,825,18,3
梅县区梅西镇,9250,21280,945,22,510,8,2
梅县区大坪镇,7824,8973,1517,15,240,3,
梅县区石坑镇,8808,15787,1000,2,205,1,
梅县区水车镇,12300,10286,1536,61,389,9,1
梅县区梅南镇,14560,8130,8130,96,650,23,3
梅县区丙村镇,17070,40809,10528,203,2510,88,4
梅县区白渡镇,18761,18000,1380,120,2000,55,3
梅县区松源镇,14950,25564,2624,160,804,5,
梅县区隆文镇,11340,15780,1479,48,300,18,
梅县区桃尧镇,11800,10356,2622,16,148,15,
梅县区畲江镇,17670,40520,25000,252,6470,65,8
梅县区雁洋镇,18300,27138,6062,232,21415,47,11
梅县区松口镇,32840,57110,4761,30,450,4,1
梅县区南口镇,26212,46970,2740,154,1990,75,3
梅县区程江镇,5800,108048,86972,2906,78361,234,12
梅县区扶大镇,1855,11519,2250,217,6512,70,7
大埔县湖寮镇,19860,98566,73425,1052,4692,10,5
大埔县青溪镇,16060,10358,450,18,189,8,1
大埔县三河镇,15023,17546,1508,63,1236,36,4
大埔县银江镇,20982,13200,890,30,154,,
大埔县洲瑞镇,8930,11415,2789,43,216,22,1
大埔县光德镇,13107,19562,4952,36,3700,29,12
大埔县桃源镇,7702,11762,2494,23,1501,10,9
大埔县百侯镇,11024,16909,2690,30,111,11,
大埔县大东镇,9168,6924,100,14,112,,
大埔县大麻镇,23264,25533,4926,23,116,15,
大埔县枫朗镇,17523,30414,1764,40,639,25,2
大埔县茶阳镇,28881,34739,8090,208,1687,39,4
大埔县高陂镇,30891,50026,10739,142,4142,97,14
大埔县西河镇,19975,21660,3168,89,1037,33,
丰顺县北斗镇,9029,8856,1473,6,58,1,
丰顺县汤西镇,19696,36448,4020,118,3250,116,6
丰顺县汤南镇,4501,36243,2169,529,2916,163,3
丰顺县埔寨镇,9770,23024,11053,48,1182,30,4
丰顺县建桥镇,9410,19856,7126,4,20,,
丰顺县龙岗镇,11299,11833,1435,147,736,54,1
丰顺县潘田镇,14604,22115,2998,98,495,20,
丰顺县黄金镇,15590,24680,5780,304,1563,8,
丰顺县小胜镇,7569843950981811,,,,,,
丰顺县砂田镇,14625,12566,1521,35,283,28,
丰顺县八乡山镇,19362,12662,1895,15,75,1,1
丰顺县丰良镇,24960,41087,20125,23,380,3,1
丰顺县潭江镇,21771,16020,2387,5,1735,3,
丰顺县汤坑镇,22072,142788,60215,4666,50690,1055,37
丰顺县留隍镇,42823,58707,21579,248,1615,90,3
丰顺县大龙华镇,22668,13330,3627,105,685,63,
五华县转水镇,17567,73000,51003,80,889,10,1
五华县潭下镇,23006,30976,13525,79,503,11,
五华县郭田镇,13660,32149,32149,45,502,1,
五华县双华镇,14445,31339,31339,51,670,1,
五华县梅林镇,13585,44526,44526,96,2031,9,
五华县华阳镇,14890,45971,45971,66,2315,2,
五华县华城镇,22416,111677,111677,298,3085,42,2
五华县周江镇,20129,50353,50353,58,1160,5,
五华县水寨镇,8342,143278,97398,1713,37973,188,33
五华县河东镇,23894,105271,105271,268,3049,,
五华县岐岭镇,15486,56261,56261,75,1525,11,2
五华县长布镇,30401,48332,3952,64,571,9,
五华县横陂镇,24069,83651,83651,159,4770,1,
五华县安流镇,24706,113847,6845,213,1942,26,3
五华县棉洋镇,24291,101253,101253,117,2569,9,
五华县龙村镇,32895,73869,3746,135,889,16,
平远县石正镇,10100,31736,4138,65,4012,61,1
平远县八尺镇,10850,9181,1045,61,1415,25,2
平远县差干镇,9500,6241,966,117,2230,41,2
平远县河头镇,8442,6720,6720,54,394,8,1
平远县中行镇,6403,5629,1200,58,1116,30,1
平远县上举镇,9860,3446,179,44,359,14,
平远县泗水镇,13380,6733,2238,54,416,29,1
平远县长田镇,6822,8896,2031,52,1755,22,4
平远县热柘镇,10484,9242,860,57,756,23,1
平远县东石镇,16300,30191,2984,91,4831,64,6
平远县仁居镇,19020,18513,5203,144,2300,46,
平远县大柘镇,15440,87793,87793,189,1235,130,25
蕉岭县三圳镇,9600,14296,2723,46,276,6,
蕉岭县文福镇,12270,13791,6250,54,473,41,5
蕉岭县广福镇,10713,13319,1750,77,850,6,
蕉岭县新铺镇,18499,30340,790,112,1975,35,6
蕉岭县蓝坊镇,12880,11327,2150,333,1832,333,
蕉岭县南礤镇,17390,8656,8656,42,219,,
蕉岭县蕉城镇,5733,79580,51036,342,1712,27,
蕉岭县长潭镇,9159,18255,3320,74,1011,,
兴宁市永和镇,10906,32146,5676,34,3886,18,1
兴宁市新圩镇,10192,31534,2075,52,3820,32,3
兴宁市罗浮镇,27444,40908,11048,48,592,48,
兴宁市罗岗镇,15106,40507,2554,22,215,18,
兴宁市黄槐镇,9510,24081,1761,29,2067,10,
兴宁市龙田镇,4640,25992,3774,33,2265,33,2
兴宁市石马镇,10800,28406,2344,20,142,12,
兴宁市宁中镇,4364,27341,1475,39,682,14,
兴宁市径南镇,14414,23604,1285,18,250,10,
兴宁市坭陂镇,8960,61582,12220,91,7680,59,1
兴宁市水口镇,22340,77598,11323,41,343,19,3
兴宁市黄陂镇,12659,50312,19439,99,796,18,1
兴宁市合水镇,10062,21418,1345,103,862,16,4
兴宁市大坪镇,18699,44961,30714,13,3200,13,
兴宁市叶塘镇,13189,71888,12488,157,3231,47,12
兴宁市新陂镇,4308,28856,1758,42,785,23,5
兴宁市刁坊镇,6790,24552,1542,14,1810,14,1
汕尾市城区红草镇,6980,43423,6930,146,5600,96,11
汕尾市城区东涌镇,11774,42033,25304,65,8310,65,6
汕尾市城区捷胜镇,4948,26916,26916,231,2500,18,4
海丰县梅陇镇,15254,135081,102522,685,23491,381,10
海丰县小漠镇,3445,11717,3219,34,522,34,1
海丰县`门镇,3450,20439,7272,45,535,8,1
海丰县联安镇,5208,14938,2548,17,90,14,
海丰县陶河镇,6410,9976,1531,5,1024,1,1
海丰县赤坑镇,10313,35557,6721,175,2996,163,2
海丰县大湖镇,3185,2944,1812,31,521,,
海丰县可塘镇,7450,45817,21525,3196,31635,914,6
海丰县黄羌镇,14263,22813,4623,98,606,4,
海丰县平东镇,13322,16550,6654,108,850,23,
海丰县海城镇,23160,158541,158541,4420,26652,105,1
海丰县鹅埠镇,9018,17572,1,,,,
海丰县赤石镇,30682,23896,4600,69,1561,58,
海丰县公平镇,15414,85240,85240,88,30966,54,24
海丰县附城镇,6971,114028,95341,378,6879,43,7
海丰县城东镇,7856,84520,21587,355,5547,36,6
陆河县河田镇,8354,127242,46345,568,30838,204,
陆河县水唇镇,12162,36850,3210,42,1260,32,3
陆河县河口镇,15998,44675,9500,60,3000,8,4
陆河县新田镇,17452,33302,10661,90,600,30,1
陆河县上护镇,11114,23566,4108,40,560,17,3
陆河县螺溪镇,14453,29314,5000,95,1040,14,
陆河县东坑镇,7800,13916,1655,6,80,,
陆河县南万镇,11119,3043,2170,19,97,16,
陆丰市甲子镇,1470,112572,111952,4319,27909,251,24
陆丰市碣石镇,12000,201512,103540,589,6897,531,19
陆丰市湖东镇,5959,73261,30004,13,65,3,3
陆丰市大安镇,9350,30751,9278,49,890,,
陆丰市博美镇,5859,51728,20368,20,173,1,
陆丰市内湖镇,4200,32851,32851,46,253,,
陆丰市南塘镇,14151,117200,29120,146,8244,49,1
陆丰市陂洋镇,15900,37600,13980,43,222,1,1
陆丰市八万镇,11879,31164,2612,25,610,25,
陆丰市金厢镇,5774,35849,,34,170,15,1
陆丰市潭西镇,7348,53415,6980,16,264,11,
陆丰市甲东镇,7500,72285,4987,21,715,17,4
陆丰市河东镇,5925,32499,9301,51,8155,44,2
陆丰市上英镇,5060,23198,,16,108,3,
陆丰市桥冲镇,6600,46801,,9,54,,
陆丰市甲西镇,9620,106584,9207,11,73,,
陆丰市西南镇,8086,24465,24465,2,21,,
源城区源南镇,11860,53452,4452,22,1685,14,14
源城区埔前镇,16200,90369,90369,51,31220,45,17
紫金县紫城镇,38480,174112,100683,422,7287,58,13
紫金县龙窝镇,42200,76604,2168,96,2843,21,1
紫金县九和镇,25497,25653,1347,24,210,1,1
紫金县上义镇,17820,21280,2920,46,805,22,
紫金县蓝塘镇,30190,81353,7688,213,1066,18,2
紫金县凤安镇,13000,20163,2060,84,431,5,1
紫金县义容镇,35622,50768,5346,115,1391,31,5
紫金县古竹镇,27810,67750,25716,81,7820,25,4
紫金县临江镇,13500,41402,2373,95,6833,90,21
紫金县柏埔镇,13498,28568,2850,19,254,6,3
紫金县黄塘镇,22631,32309,350,14,84,14,
紫金县敬梓镇,11030,23308,700,20,260,,
紫金县水墩镇,11484,18010,839,12,248,,
紫金县南岭镇,10020,13199,484,10,250,,
紫金县苏区镇,12500,17212,1804,26,236,,
紫金县瓦溪镇,23000,26691,951,100,550,18,
紫金县好义镇,8672,13145,1195,68,1456,3,1
紫金县中坝镇,17633,42060,2398,66,429,5,
龙川县老隆镇,10756,219708,177293,1016,7834,81,5
龙川县义都镇,10640,21742,1873,18,93,13,
龙川县佗城镇,16513,43256,5288,89,7839,89,16
龙川县鹤市镇,5200,17280,4635,33,550,15,2
龙川县黄布镇,5614,11010,1050,14,940,8,
龙川县紫市镇,10974,14064,512,20,137,11,
龙川县通衢镇,10070,20820,1080,14,118,10,1
龙川县登云镇,7038,16186,1120,10,5629,3,
龙川县丰稔镇,13512,21148,1460,56,850,,
龙川县四都镇,8057,9492,439,5,35,2,
龙川县铁场镇,19667,37244,1630,13,104,3,
龙川县龙母镇,15100,26287,2107,18,1651,9,
龙川县田心镇,8860,24318,1176,275,1375,,
龙川县黎咀镇,13701,11496,1617,15,76,11,2
龙川县黄石镇,10954,6201,310,6,118,3,1
龙川县赤光镇,14173,31056,9789,19,312,13,2
龙川县回龙镇,8350,18068,2060,4,390,2,
龙川县新田镇,6433,17675,568,,,,
龙川县车田镇,31200,51021,4600,69,509,14,
龙川县岩镇镇,12164,11798,389,1,28,1,
龙川县麻布岗镇,18000,42306,4120,30,136,13,
龙川县贝岭镇,10499,13756,753,4,22,,
龙川县细坳镇,15245,14119,930,15,351,15,
龙川县上坪镇,20815,24780,24780,11,155,10,
连平县元善镇,28532,83886,,62,312,25,8
连平县上坪镇,30093,30154,3265,88,2564,16,1
连平县内莞镇,23081,13005,1956,11,1010,5,
连平县陂头镇,36432,23048,1441,26,650,6,1
连平县溪山镇,11099,12975,249,32,192,30,
连平县隆街镇,24064,33216,3450,96,864,13,6
连平县田源镇,12978,9018,901,18,95,17,
连平县油溪镇,28356,28233,8230,20,210,7,2
连平县忠信镇,8768,66741,33289,268,3181,30,14
连平县高莞镇,6250,19860,836,3,22,,
连平县大湖镇,6423,17807,1587,6,183,2,1
连平县三角镇,4460,17707,390,31,1800,23,23
连平县绣缎镇,6206,12241,2688,8,232,4,3
和平县阳明镇,18838,127701,86711,1309,20715,803,58
和平县大坝镇,17537,28819,1618,199,1035,156,10
和平县长塘镇,16918,11090,1680,23,115,3,
和平县下车镇,13499,13461,1797,108,543,27,
和平县上陵镇,14465,17591,1256,20,263,7,1
和平县优胜镇,11731,10080,597,4,23,2,
和平县贝墩镇,13235,18152,1031,33,162,15,2
和平县古寨镇,6428,8774,1052,8,172,2,1
和平县彭寨镇,20744,42502,7428,53,1563,27,3
和平县合水镇,12430,22097,583,241,1835,11,1
和平县公白镇,6377,11073,576,30,200,2,
和平县青州镇,10109,9239,850,77,385,49,
和平县嗽凑,13211,13821,509,16,120,3,1
和平县热水镇,14713,14608,1733,28,310,9,
和平县东水镇,15621,22265,2674,35,1322,14,3
和平县礼士镇,7015,13926,3214,60,725,44,
和平县林寨镇,9284,18031,1797,31,402,19,
东源县仙塘镇,16262,57551,27142,153,18233,54,27
东源县灯塔镇,20500,42788,18086,170,5080,21,7
东源县骆湖镇,9756,16148,16148,79,3000,23,5
东源县船塘镇,20843,66982,7654,99,8125,46,1
东源县顺天镇,11603,13934,13934,38,302,13,
东源县上莞镇,9748,21421,1270,58,704,40,3
东源县曾田镇,14910,11158,,17,85,,
东源县柳城镇,9856,18000,2200,65,760,50,13
东源县义合镇,17679,10637,4175,68,880,16,1
东源县蓝口镇,19600,28290,6500,57,2000,41,7
东源县黄田镇,24545,17473,1585,138,1650,25,1
东源县叶潭镇,16951,23105,3621,15,97,7,
东源县黄村镇,22000,33486,8665,445,1780,,
东源县康禾镇,23000,17520,1132,35,243,10,2
东源县锡场镇,42000,5380,657,14,72,6,
东源县新港镇,16375,10955,5692,25,500,3,
东源县双江镇,14550,4312,2412,26,135,,
东源县涧头镇,17410,8847,533,25,168,8,1
东源县新回龙镇,38986,3000,900,21,120,9,
东源县半江镇,24334,3026,308,15,70,10,
东源县漳溪乡,6824,12374,896,9,225,5,2
江城区埠场镇,7500,37684,37684,129,3741,119,3
江城区平冈镇,18014,90706,90706,96,44347,64,32
江城区闸坡镇,13259,79818,79818,592,8192,34,7
江城区双捷镇,6885,28042,2289,36,768,20,3
阳东区东城镇,4066,76546,45917,1694,35516,1527,83
阳东区北惯镇,11322,42482,17259,623,9190,345,65
阳东区那龙镇,15562,29427,5052,68,1086,46,4
阳东区东平镇,12895,45799,32392,216,8790,65,2
阳东区雅韶镇,6843,25531,2687,71,1311,52,7
阳东区大沟镇,10484,35137,3523,55,330,31,1
阳东区新洲镇,23752,43573,11913,160,1011,55,
阳东区合山镇,9006,45223,36073,220,7250,215,14
阳东区塘坪镇,15499,37792,2865,91,3635,35,
阳东区大八镇,30375,31905,10231,135,6121,130,
阳东区红丰镇,9454,42907,15163,143,1672,85,6
阳西县织T镇,33325,126414,126414,230,10050,210,46
阳西县程村镇,19676,56552,,19,3050,18,2
阳西县塘口镇,19396,24599,8464,44,250,27,
阳西县上洋镇,17160,64583,4770,2,96,,
阳西县溪头镇,21047,76179,16305,144,972,25,5
阳西县沙扒镇,2861,28375,15320,135,1456,20,2
阳西县儒洞镇,12875,45948,24629,36,3489,34,6
阳西县新圩镇,18100,29914,4606,76,3689,22,2
阳春市河朗镇,20000,41164,5268,34,1243,11,2
阳春市松柏镇,17600,41469,13175,133,1533,33,2
阳春市石望镇,11000,28306,2000,21,486,8,1
阳春市春湾镇,34240,86011,28079,282,2108,63,2
阳春市合水镇,24000,58268,58268,152,1052,123,2
阳春市陂面镇,12300,46701,4599,26,1635,26,4
阳春市圭岗镇,38634,22937,2462,59,219,45,2
阳春市永宁镇,36200,27947,1924,66,458,65,1
阳春市马水镇,14990,35398,5716,68,2065,68,13
阳春市岗美镇,19420,48009,3124,54,1643,32,6
阳春市河口镇,21000,25696,2680,36,687,33,3
阳春市潭水镇,22800,72939,10429,140,4000,40,15
阳春市三甲镇,30820,52147,17911,112,2912,54,2
阳春市双窖镇,27920,39646,3145,79,1021,18,
阳春市八甲镇,41900,58135,8248,83,5058,42,2
清城区源潭镇,23110,101538,36762,161,27033,29,29
清城区龙塘镇,13906,91313,12763,538,46020,109,109
清城区石角镇,17797,93294,18736,272,27425,57,57
清城区飞来峡镇,37149,56683,12314,98,2887,5,5
清新区太和镇,8608,245143,213880,158,37407,43,43
清新区太平镇,21342,75135,21824,47,13928,37,37
清新区山塘镇,8693,51366,2171,14,2647,10,10
清新区三坑镇,11212,43546,5012,7,560,3,3
清新区龙颈镇,55338,80674,5126,13,3583,8,8
清新区禾云镇,43362,83797,12113,15,6526,12,12
清新区浸潭镇,46400,77881,3081,6,1118,4,4
清新区石潭镇,29930,70236,14598,4,1307,4,4
佛冈县石角镇,37439,129554,52845,353,39232,35,35
佛冈县水头镇,14621,24740,966,11,218,4,1
佛冈县汤塘镇,22937,70680,2064,85,8364,52,23
佛冈县龙山镇,16047,45899,1661,178,7384,72,20
佛冈县高岗镇,20074,24614,780,8,1720,7,5
佛冈县迳头镇,18504,29942,1039,11,3200,11,11
阳山县青莲镇,21298,25753,7101,43,926,1,1
阳山县江英镇,30305,22729,3118,34,632,1,1
阳山县杜步镇,15773,17704,3662,49,1017,3,3
阳山县七拱镇,31323,41360,11617,137,1853,3,3
阳山县太平镇,25997,35679,5275,68,1035,1,1
阳山县杨梅镇,17689,4387,1324,21,170,,
阳山县大~镇,9601,10785,1160,53,738,1,1
阳山县小江镇,22692,20687,3619,51,662,2,2
阳山县岭背镇,22976,20904,3012,39,581,,
阳山县黄坌镇,15662,9896,1691,30,266,,
阳山县黎埠镇,26917,40945,9907,139,1817,1,1
阳山县阳城镇,29974,125461,93786,1248,17126,5,5
阳山县秤架瑶族乡,56673,12100,5379,86,1236,1,1
连山壮族瑶族自治县永和镇,19726,22896,3025,30,275,,
连山壮族瑶族自治县吉田镇,17340,25819,12979,343,4606,2,2
连山壮族瑶族自治县太保镇,14787,13204,2983,55,279,,
连山壮族瑶族自治县禾洞镇,12804,7723,786,32,167,,
连山壮族瑶族自治县福堂镇,18937,16577,2541,46,338,,
连山壮族瑶族自治县小三江镇,28074,14472,4241,115,581,1,1
连山壮族瑶族自治县上帅镇,10214,4022,510,,,,
连南瑶族自治县三江镇,21887,43768,24769,612,12302,7,7
连南瑶族自治县大麦山镇,14348,17421,1988,73,525,39,
连南瑶族自治县寨岗镇,33041,52005,13208,540,5506,98,6
连南瑶族自治县三排镇,14957,25818,3451,10,116,5,
连南瑶族自治县涡水镇,13198,8232,1589,,,,
连南瑶族自治县大坪镇,9894,10536,1476,11,55,11,
连南瑶族自治县香坪镇,16766,11813,2476,,,,
英德市沙口镇,32227,36741,7118,21,849,5,5
英德市望埠镇,20730,50134,10431,234,3661,9,9
英德市横石水镇,11847,31375,2525,68,420,,
英德市桥头镇,14555,35423,2699,17,1196,3,3
英德市青塘镇,12151,30342,4158,67,743,1,1
英德市白沙镇,16280,32384,2414,83,508,2,2
英德市大站镇,24597,36203,11235,66,1347,4,4
英德市西牛镇,24522,41001,9932,3,430,2,2
英德市九龙镇,23561,40406,7698,32,167,4,4
英德市含光镇,23594,60120,23247,142,1446,1,1
英德市大湾镇,38195,68092,16121,1,86,1,1
英德市石灰铺镇,22695,31812,8724,126,2183,1,1
英德市石牯塘镇,33255,30587,2749,46,306,1,1
英德市下太镇,17409,11266,2965,36,229,1,1
英德市波罗镇,17295,7999,541,23,126,,
英德市横石塘镇,20183,23110,3276,63,611,2,
英德市大洞镇,18479,13183,1093,,,,
英德市连江口镇,38040,36765,13620,30,450,1,1
英德市黎溪镇,28499,33578,16791,97,9584,2,2
英德市水边镇,10514,11530,5961,9,49,7,
英德市英红镇,21875,32132,5992,383,3342,15,15
英德市东华镇,55869,102795,2620,414,41692,42,42
英德市黄花镇,20547,38400,7411,53,405,,
连州市连州镇,17565,145636,111561,933,9740,11,11
连州市星子镇,47161,41402,18054,55,617,1,1
连州市大路边镇,22335,42244,6661,32,342,3,3
连州市龙坪镇,30327,30918,4892,169,851,4,4
连州市西岸镇,21103,47222,3500,110,2430,22,
连州市保安镇,18110,35952,7753,41,600,5,5
连州市丰阳镇,17043,17333,6900,75,426,22,
连州市东陂镇,10855,23992,5210,36,432,,
连州市九陂镇,16267,29437,2030,70,380,4,4
连州市西江镇,18533,12337,2347,103,813,49,5
连州市瑶安瑶族乡,22040,12548,,30,160,,
连州市三水瑶族乡,13721,3462,,17,106,17,
东莞市石碣镇,3621,241500,241500,3004,151360,2362,154
东莞市石龙镇,1383,143600,143600,3064,73685,1059,50
东莞市茶山镇,4540,159100,159100,2816,34256,1985,183
东莞市石排镇,4872,157700,157700,6195,85123,3620,142
东莞市企石镇,5821,122200,122200,4281,95671,2348,132
东莞市横沥镇,4476,205200,205200,6402,163928,3596,163
东莞市桥头镇,5600,165800,165800,5150,92848,2913,201
东莞市谢岗镇,9104,98100,98100,3193,44787,1645,125
东莞市东坑镇,2380,134500,134500,4509,98629,2382,127
东莞市常平镇,10330,389500,389500,19917,273557,1746,265
东莞市寮步镇,7138,413600,413600,18852,311435,10360,300
东莞市樟木头镇,11878,133806,133806,11036,64298,3328,94
东莞市大朗镇,9750,315800,315800,15613,198536,6730,352
东莞市黄江镇,9286,229900,229900,10376,83008,2603,154
东莞市清溪镇,14000,310700,310700,10885,219097,2915,310
东莞市塘厦镇,12820,493100,493100,7453,203127,4533,354
东莞市凤岗镇,8243,320122,320122,12437,193005,6851,256
东莞市大岭山镇,9553,279500,279050,15065,175800,2660,335
东莞市长安镇,8153,663822,663345,33550,383736,2371,597
东莞市虎门镇,17850,639400,639400,33105,385672,12720,359
东莞市厚街镇,12570,438515,438515,18970,126749,6395,331
东莞市沙田镇,11154,179900,179900,5263,78939,2116,129
东莞市道蛘,5425,142500,142500,4521,48575,1373,134
东莞市洪梅镇,3320,58600,58600,1074,28833,166,51
东莞市麻涌镇,9111,120900,120900,2548,53833,845,99
东莞市望牛墩镇,3159,86200,86200,1653,50722,671,95
东莞市中堂镇,6000,140800,140800,4708,51785,2753,132
东莞市高墩,3460,215300,215300,4689,106077,1810,148
中山市小榄镇,7540,328867,328867,15426,260775,8880,350
中山市黄圃镇,8835,149664,124380,4951,104421,2894,182
中山市民众镇,11887,112129,40316,1702,30678,646,102
中山市东凤镇,5624,129427,129427,7038,74355,4631,200
中山市东升镇,7582,126551,54565,8655,75584,5152,197
中山市古镇镇,5222,153813,153813,8103,41325,3769,88
中山市沙溪镇,5500,125862,125862,6504,56304,1839,99
中山市坦洲镇,13000,226405,136591,6688,110095,1473,187
中山市港口镇,7127,121149,121149,3716,80118,1311,102
中山市三角镇,7013,123900,20499,2037,55640,823,129
中山市横栏镇,7570,107702,107702,8244,84189,6066,113
中山市南头镇,2800,134267,134267,4545,59085,1760,203
中山市阜沙镇,3710,59593,30705,962,29151,510,101
中山市南朗镇,21886,110039,110039,2601,64326,783,155
中山市三乡镇,9368,204411,204411,7346,112308,3180,143
中山市板芙镇,7970,85400,85400,1325,51109,628,98
中山市大涌镇,4066,74986,74986,1549,21346,707,69
中山市神湾镇,6093,32184,7738,791,16500,444,60
湘桥区意溪镇,7200,44879,39715,180,3987,120,8
湘桥区磷溪镇,7640,79263,23571,243,3274,155,7
湘桥区铁铺镇,6680,38723,12697,215,3673,52,11
湘桥区官塘镇,3109,31512,4771,110,1650,31,7
潮安区古巷镇,6112,88454,44156,750,26870,520,71
潮安区登塘镇,15732,38037,14335,212,8480,194,13
潮安区凤塘镇,3858,93264,16650,850,21650,670,53
潮安区浮洋镇,3884,100209,18626,728,5958,552,46
潮安区龙湖镇,2082,60486,14923,436,19224,311,20
潮安区金石镇,2246,71260,2623,525,2832,315,15
潮安区沙溪镇,3487,59021,27426,219,2247,122,11
潮安区彩塘镇,4387,136170,20729,2062,32140,1824,94
潮安区东凤镇,3423,93309,19555,898,12009,629,36
潮安区庵埠镇,3041,153873,153873,1172,24527,1075,112
潮安区江东镇,3804,69502,22143,198,16782,192,20
潮安区归湖镇,12817,21536,3355,103,4562,32,1
潮安区文祠镇,7146,13621,1322,22,1593,17,2
潮安区凤凰镇,22706,37176,4099,63,325,5,
潮安区赤凤镇,8857,5473,680,47,243,3,
潮安区枫溪镇,2447,148917,148917,1886,63550,1063,132
饶平县黄冈镇,8860,213128,213128,741,59010,198,29
饶平县上饶镇,9946,46383,12695,48,3013,36,1
饶平县饶洋镇,8770,46670,12665,47,4539,34,8
饶平县新丰镇,11738,58370,13980,251,10500,146,14
饶平县建饶镇,7316,11446,1277,21,285,21,
饶平县三饶镇,15174,47996,27584,332,2855,122,18
饶平县新塘镇,7995,20358,6308,22,300,20,2
饶平县汤溪镇,8083,7507,1989,14,367,10,
饶平县浮滨镇,15902,25298,2216,53,1205,29,3
饶平县浮山镇,6972,22183,11530,63,642,15,2
饶平县东山镇,7446,15831,2648,22,236,9,
饶平县新圩镇,9328,26072,13668,10,191,10,1
饶平县樟溪镇,10817,16187,3295,12,730,12,1
饶平县钱东镇,12266,87224,50731,845,25023,153,20
饶平县高堂镇,2542,24556,21001,45,300,19,2
饶平县联饶镇,8210,28357,1911,72,1346,17,2
饶平县所城镇,5200,32644,17307,12,180,11,3
饶平县大埕镇,3195,25502,14867,17,198,14,
饶平县柘林镇,1198,12177,9702,120,2673,19,4
饶平县G洲镇,3451,56840,51000,168,3655,165,5
饶平县海山镇,5117,67132,21005,330,5790,86,1
榕城区渔湖镇,4422,122978,116347,1233,18463,776,178
榕城区炮台镇,5400,120982,62779,229,10386,105,63
榕城区地都镇,8700,104890,2605,409,12000,350,42
榕城区登岗镇,3504,77968,9194,815,10154,416,14
揭东区云路镇,7879,84859,20494,193,4150,140,39
揭东区玉窖镇,3800,51422,1815,107,3460,57,36
揭东区锡场镇,5069,108156,21234,422,23241,80,52
揭东区新亨镇,9526,106851,70393,366,7352,189,37
揭东区玉湖镇,13500,81338,4450,104,715,99,10
揭东区埔田镇,7312,59589,6850,203,6520,58,21
揭东区霖磐镇,2800,67497,3485,98,25011,58,16
揭东区月城镇,1830,48955,5098,213,2153,202,21
揭东区白塔镇,5965,76733,4269,41,504,41,25
揭东区龙尾镇,4800,24560,2812,30,315,14,7
揭东区桂岭镇,3184,44362,2511,89,806,9,9
揭西县龙潭镇,7796,34616,34616,189,948,8,1
揭西县南山镇,13454,25435,8073,421,2178,251,3
揭西县五经富镇,16860,52083,9477,59,2020,38,2
揭西县京溪园镇,7348,40931,5746,389,4633,190,11
揭西县灰寨镇,5358,35466,5034,193,6322,162,8
揭西县塔头镇,2935,52163,9641,150,1953,129,3
揭西县东园镇,2606,32980,6601,262,1320,9,
揭西县凤江镇,3466,79414,8601,362,15264,322,11
揭西县棉湖镇,3038,106237,57832,445,48687,195,33
揭西县金和镇,4846,65454,14483,96,1876,74,5
揭西县大溪镇,3534,18808,4126,19,152,17,
揭西县钱坑镇,4668,38915,5725,55,1426,30,1
揭西县坪上镇,9299,29467,5890,37,1340,26,1
揭西县五云镇,14598,45679,7186,26,985,18,2
揭西县上砂镇,12589,51472,5943,360,1805,122,
揭西县良田乡,13017,12481,,25,187,,
惠来县惠城镇,17300,158189,158189,928,8440,294,53
惠来县华湖镇,6170,58211,19152,67,3732,29,16
惠来县仙庵镇,8356,84657,35426,325,4216,73,4
惠来县靖海镇,4900,62342,24861,159,3825,50,11
惠来县周田镇,7430,88725,16583,55,553,38,11
惠来县前詹镇,6300,54889,54889,150,1854,10,5
惠来县神泉镇,5086,72023,30139,122,4965,78,25
惠来县东陇镇,5400,94572,13356,15,726,15,9
惠来县岐石镇,4543,75786,16268,14,146,8,3
惠来县隆江镇,13060,135853,42725,551,11923,20,20
惠来县溪西镇,5038,74557,7813,173,2285,92,5
惠来县鳌江镇,6306,54061,11986,57,994,19,7
惠来县东港镇,5284,28714,9508,71,1611,58,7
惠来县葵潭镇,14485,115353,57144,58,2352,1,1
普宁市赤岗镇,2400,47264,14086,127,1810,126,7
普宁市大坝镇,5900,89860,27521,139,2770,136,7
普宁市洪阳镇,6600,140075,68610,209,5940,184,20
普宁市南溪镇,5000,101348,10025,42,260,6,3
普宁市广太镇,3730,58094,2211,18,1669,16,3
普宁市麒麟镇,5600,95621,8809,238,2189,89,6
普宁市南径镇,5289,148631,27496,419,2096,355,7
普宁市占陇镇,5200,186425,9689,672,50080,489,106
普宁市军埠镇,2720,105091,6166,509,38572,301,45
普宁市下架山镇,8200,98800,16488,121,6025,118,16
普宁市高埔镇,10584,61290,12508,85,1500,65,7
普宁市云落镇,10338,51331,16415,41,2157,38,10
普宁市大坪镇,7600,30226,6238,45,2813,32,5
普宁市船埔镇,13300,43019,5258,55,1874,46,3
普宁市梅林镇,14771,52383,16412,37,580,26,6
普宁市里湖镇,8490,91316,43750,298,13620,215,21
普宁市梅塘镇,7600,106913,18288,264,9878,250,22
普宁市后溪乡,8100,10271,587,18,270,16,1
云城区腰古镇,10781,32306,1630,244,3520,123,11
云城区思劳镇,9550,20784,8463,260,2975,220,29
云城区前锋镇,12898,26041,4393,29,387,19,6
云城区南盛镇,13934,34184,1029,21,222,,
云安区六都镇,21455,50579,11580,528,12476,173,66
云安区高村镇,18459,22051,5699,61,876,25,2
云安区白石镇,7231,25702,7011,45,434,13,3
云安区镇安镇,11001,36519,6856,81,856,33,5
云安区富林镇,17233,50031,7612,61,468,20,1
云安区石城镇,18188,46622,7625,280,2043,202,17
云安区都杨镇,25296,45814,4715,326,6090,94,26
新兴县新城镇,11700,136226,96105,780,35000,430,142
新兴县车岗镇,9229,24162,575,67,800,30,9
新兴县水台镇,8473,13960,2798,120,6000,14,14
